{
  "split": "train",
  "year_windows": 5185,
  "shard_id": 12,
  "n_shards": 32,
  "means_per_balance": {
    "water_balance": 12629424821572.48,
    "npp_balance": 0.9563591064229651,
    "nbp_balance": 1.4663568640399003,
    "carbon_partition": 2.2720923948655822,
    "nbp_delta_ctotal": 7211996879339.757,
    "all_on": 19841421690598.375
  },
  "mean_all_on": 19841421690598.375
}