{
  "split": "train",
  "year_windows": 1700,
  "shard_id": 60,
  "n_shards": 100,
  "means_per_balance": {
    "water_balance": 15.982284886416267,
    "npp_balance": 8.151978365986216e-13,
    "nbp_balance": 4.9848929803844424e-08,
    "carbon_partition_december": 0.008235668883220677,
    "nbp_delta_ctotal": 0.00921989360522917,
    "all_on": 15.99974043565638
  },
  "mean_all_on": 15.99974043565638
}