{
  "split": "train",
  "year_windows": 1615,
  "shard_id": 36,
  "n_shards": 100,
  "means_per_balance": {
    "water_balance": 15.906334323705904,
    "npp_balance": 8.143181835056401e-13,
    "nbp_balance": 4.8269862058566595e-08,
    "carbon_partition_december": 0.008062832698156774,
    "nbp_delta_ctotal": 0.009188229465516912,
    "all_on": 15.923585382113147
  },
  "mean_all_on": 15.923585382113147
}