{
  "split": "train",
  "year_windows": 1615,
  "shard_id": 5,
  "n_shards": 100,
  "means_per_balance": {
    "water_balance": 15.771244790753343,
    "npp_balance": 7.950825072537134e-13,
    "nbp_balance": 3.756246028494889e-08,
    "carbon_partition_december": 0.006951408154235997,
    "nbp_delta_ctotal": 0.008087603215866322,
    "all_on": 15.786283813689145
  },
  "mean_all_on": 15.786283813689145
}