{
  "split": "train",
  "year_windows": 1615,
  "shard_id": 41,
  "n_shards": 100,
  "means_per_balance": {
    "water_balance": 15.98905153717419,
    "npp_balance": 8.208100321207957e-13,
    "nbp_balance": 4.882050418997665e-08,
    "carbon_partition_december": 0.007940302413798892,
    "nbp_delta_ctotal": 0.009148179431771715,
    "all_on": 16.00614000798748
  },
  "mean_all_on": 16.00614000798748
}