{
  "split": "train",
  "year_windows": 1700,
  "shard_id": 20,
  "n_shards": 100,
  "means_per_balance": {
    "water_balance": 706.1427504954619,
    "npp_balance": 1.8977552191541858e-24,
    "nbp_balance": 1.526632605365774e-14,
    "carbon_partition_december": 0.0001153602089278352,
    "nbp_delta_ctotal": 0.0001821484492650009,
    "all_on": 706.1430458876666
  },
  "mean_all_on": 706.1430458876666
}