{
  "split": "train",
  "year_windows": 1615,
  "shard_id": 77,
  "n_shards": 100,
  "means_per_balance": {
    "water_balance": 747.1512635411124,
    "npp_balance": 1.9642206754905182e-24,
    "nbp_balance": 1.5196021448846956e-14,
    "carbon_partition_december": 0.00019014033114949557,
    "nbp_delta_ctotal": 0.0002388134046480054,
    "all_on": 747.1516929980771
  },
  "mean_all_on": 747.1516929980771
}