{
  "split": "train",
  "year_windows": 1615,
  "shard_id": 58,
  "n_shards": 100,
  "means_per_balance": {
    "water_balance": 820.4497581647277,
    "npp_balance": 1.9390114915513878e-24,
    "nbp_balance": 2.3031161976345917e-14,
    "carbon_partition_december": 0.00015834649261719713,
    "nbp_delta_ctotal": 0.00022849555098669366,
    "all_on": 820.4501444057784
  },
  "mean_all_on": 820.4501444057784
}