{
  "split": "train",
  "year_windows": 1615,
  "shard_id": 11,
  "n_shards": 100,
  "means_per_balance": {
    "water_balance": 15.927433943379405,
    "npp_balance": 8.101461899599983e-13,
    "nbp_balance": 4.2253760316160056e-08,
    "carbon_partition_december": 0.007031069721323049,
    "nbp_delta_ctotal": 0.008346705961591873,
    "all_on": 15.942811721471072
  },
  "mean_all_on": 15.942811721471072
}