{
  "split": "train",
  "year_windows": 1700,
  "shard_id": 68,
  "n_shards": 100,
  "means_per_balance": {
    "water_balance": 15.714300743551815,
    "npp_balance": 8.217072718994539e-13,
    "nbp_balance": 5.074137929906395e-08,
    "carbon_partition_december": 0.007965422209954876,
    "nbp_delta_ctotal": 0.009320903570829507,
    "all_on": 15.731587079553043
  },
  "mean_all_on": 15.731587079553043
}