{
  "split": "train",
  "year_windows": 1700,
  "shard_id": 18,
  "n_shards": 100,
  "means_per_balance": {
    "water_balance": 687.9814816822725,
    "npp_balance": 1.9740734857594874e-24,
    "nbp_balance": 1.770172322381443e-14,
    "carbon_partition_december": 0.00011138448830666568,
    "nbp_delta_ctotal": 0.0001835262391164981,
    "all_on": 687.9817773976046
  },
  "mean_all_on": 687.9817773976046
}