{
  "tmp_rolling_mean": {
    "mean": 282.95110297308054,
    "std": 13.625972845207102,
    "count": 15849120,
    "sum": 4484525985.15271,
    "sumsq": 1271844234528.5767
  }
}