{
  "c4per": {
    "mean": 0.0004609359050847811,
    "std": 0.00468673717779285,
    "count": 15849120,
    "sum": 7305.428471997306,
    "sumsq": 351.50126481327845
  }
}