{
  "elevation": {
    "mean": 682.7079922181833,
    "std": 775.273251333137,
    "min": 0.0,
    "max": 5400.03369140625,
    "count": 15849120,
    "sum": 10820320893.625053,
    "sumsq": 16913211165250.25
  }
}