{
  "fLuc": {
    "mean": 4.14168226873874e-11,
    "std": 2.364877070857304e-10,
    "count": 190189440,
    "sum": 0.007877042313493504,
    "sumsq": 1.0962859533266162e-11
  }
}