{
  "secdn": {
    "mean": 0.07681404391351604,
    "std": 0.18355070004203292,
    "count": 15849120,
    "sum": 1217434.9996705854,
    "sumsq": 627486.5804220375
  }
}