{
  "range": {
    "mean": 0.12312644211251923,
    "std": 0.21194829384093786,
    "count": 15849120,
    "sum": 1951445.7562143707,
    "sumsq": 952249.9978125392
  }
}