{
  "spfh": {
    "mean": 0.00660356230155514,
    "std": 0.005388361760950224,
    "min": 0.0,
    "max": 0.08683653920888901,
    "count": 5784928800,
    "sum": 38201137.74086061,
    "sumsq": 420225.7754806052
  }
}