{
  "mrso": {
    "mean": 660.7235000304612,
    "std": 227.5725431868339,
    "min": 143.99476623535156,
    "max": 1825.924072265625,
    "count": 190189440,
    "sum": 125662632465.63339,
    "sumsq": 92878025161985.64
  }
}