{
  "cLitter": {
    "mean": 0.7356125581960719,
    "std": 0.5681502417919687,
    "min": 0.0006473115063272417,
    "max": 19.265371322631836,
    "count": 15849120,
    "sum": 11658811.708356526,
    "sumsq": 13692380.198362
  }
}