{
  "rh": {
    "mean": 1.0712055783449603e-08,
    "std": 1.1258608008570904e-08,
    "min": 6.681423535097319e-13,
    "max": 5.86479238506854e-08,
    "count": 190189440,
    "sum": 2.037319890703041,
    "sumsq": 4.593158533798006e-08
  }
}