{
  "pastr": {
    "mean": 0.025673042861847257,
    "std": 0.06945293111846844,
    "count": 15849120,
    "sum": 406895.13708256057,
    "sumsq": 86897.7892391193
  }
}