{
  "c4ann": {
    "mean": 0.013153881385803133,
    "std": 0.04124836095104744,
    "min": 0.0,
    "max": 0.667776882648468,
    "count": 15849120,
    "sum": 208477.44454936017,
    "sumsq": 29708.412727404368
  }
}