{
  "dlwrf": {
    "mean": 300.1122445276602,
    "std": 77.76368814846259,
    "min": 70.04341888427734,
    "max": 496.9161376953125,
    "count": 5784928800,
    "sum": 1736127966600.7039,
    "sumsq": 556015831343667.94
  }
}