{
  "fulwd": {
    "mean": 0.6589499954240069,
    "std": 0.24386225241822532,
    "count": 15849120,
    "sum": 10443777.551474536,
    "sumsq": 7824455.287959786
  }
}