{
  "tswrf": {
    "mean": 181.97927707904137,
    "std": 101.07178002842274,
    "count": 5784928800,
    "sum": 1052737160977.7263,
    "sumsq": 250672314959321.84
  }
}