{
  "fharv_c3per": {
    "mean": 0.10000000149011612,
    "std": 0.0,
    "count": 15849120,
    "sum": 1584912.0236170292,
    "sumsq": 158491.20472340586
  }
}