{
  "npp": {
    "mean": 1.1573969547189559e-08,
    "std": 1.5251305341401093e-08,
    "count": 190189440,
    "sum": 2.201246786757036,
    "sumsq": 6.971566723541919e-08
  }
}