{
  "ugrd": {
    "mean": 0.04484729892458431,
    "std": 2.2036994992582155,
    "min": -24.5817928314209,
    "max": 28.04891014099121,
    "count": 5784928800,
    "sum": 259438431.15103683,
    "sumsq": 28104935574.254574
  }
}