{
  "tmax_rolling_mean": {
    "mean": 286.3926232879471,
    "std": 13.56500893737312,
    "count": 15849120,
    "sum": 4539071053.605469,
    "sumsq": 1302872854463.5403
  }
}