{
  "pre": {
    "mean": 2.1009257596233083e-05,
    "std": 6.226442736547096e-05,
    "count": 5784928800,
    "sum": 121537.05933506753,
    "sumsq": 24.980756178847138
  }
}