{
  "nbp": {
    "mean": 1.9533049578655647e-10,
    "std": 7.1848759319557205e-09,
    "min": -1.3720948288664658e-07,
    "max": 4.9225324261215064e-08,
    "count": 190189440,
    "sum": 0.037149797608567535,
    "sumsq": 9.825299853770938e-09
  }
}