{
  "fertl_c3ann": {
    "mean": 3.927448415039196,
    "std": 18.714642687999323,
    "min": 0.0,
    "max": 406.4580078125,
    "count": 15849120,
    "sum": 62246601.22376602,
    "sumsq": 5795432043.399892
  }
}