{
  "tmin_rolling_mean": {
    "mean": 280.08616388964174,
    "std": 13.188704942331636,
    "min": 249.75830078125,
    "max": 300.8212585449219,
    "count": 15849120,
    "sum": 4439119221.826599,
    "sumsq": 1246092700539.4639
  }
}