{
  "primf": {
    "mean": 0.2601216106828807,
    "std": 0.3901987027623198,
    "min": 0.0,
    "max": 1.0,
    "count": 15849120,
    "sum": 4122698.622306258,
    "sumsq": 3485511.2096228222
  }
}