{
  "pore_size_index": {
    "mean": 0.26076559656858256,
    "std": 0.09874068498725508,
    "min": 0.0,
    "max": 0.699999988079071,
    "count": 15849120,
    "sum": 4132905.2318870528,
    "sumsq": 1232244.026115591
  }
}