{
  "tmin": {
    "mean": 280.04970636279023,
    "std": 16.965184379361983,
    "count": 5784928800,
    "sum": 1620067611769.6484,
    "sumsq": 455364462599086.2
  }
}