{
  "cld": {
    "mean": 50.736858953775766,
    "std": 31.371540019652805,
    "count": 5784928800,
    "sum": 293509116583.2353,
    "sumsq": 20585104408315.145
  }
}