{
  "tmp": {
    "mean": 282.87293294379145,
    "std": 17.57265171847395,
    "count": 5784928800,
    "sum": 1636399776527.008,
    "sumsq": 464679579209838.44
  }
}