{
  "secmb": {
    "mean": 1.784522715022803,
    "std": 3.196075845280762,
    "min": 0.0,
    "max": 17.485803604125977,
    "count": 15849120,
    "sum": 28283114.653122205,
    "sumsq": 212369049.25665522
  }
}