{
  "drynoy": {
    "mean": 1.6004832383501992e-12,
    "std": 2.529630421734009e-12,
    "min": 5.392652009101907e-19,
    "max": 7.37708505393897e-11,
    "count": 190189440,
    "sum": 0.00030439501083121093,
    "sumsq": 1.7042070583361617e-15
  }
}