{
  "secma": {
    "mean": 119.44612968634007,
    "std": 158.19369721755734,
    "count": 15849120,
    "sum": 1893116042.9343662,
    "sumsq": 622753508713.1499
  }
}