{
  "cVeg": {
    "mean": 3.871579267204685,
    "std": 5.318259305878717,
    "min": 0.000750000006519258,
    "max": 39.12353515625,
    "count": 15849120,
    "sum": 61361124.39543912,
    "sumsq": 685839097.6119149
  }
}