{
  "fd": {
    "mean": 0.46896638131632,
    "std": 0.20640792875094083,
    "count": 5784928800,
    "sum": 2712937125.5085616,
    "sumsq": 1518738761.2685573
  }
}