{
  "crpbf_c3nfx": {
    "mean": 0.000990364967908779,
    "std": 0.014529146999676551,
    "min": 0.0,
    "max": 0.9678444266319275,
    "count": 15849120,
    "sum": 15696.413220182387,
    "sumsq": 3361.2327969266853
  }
}