{
  "secdf": {
    "mean": 0.06977523437303085,
    "std": 0.1813827930838101,
    "count": 15849120,
    "sum": 1105876.0626062907,
    "sumsq": 598594.3340904824
  }
}