{
  "rh": {
    "mean": 1.0712055783449603e-08,
    "std": 1.1258608008570904e-08,
    "count": 190189440,
    "sum": 2.037319890703041,
    "sumsq": 4.593158533798006e-08
  }
}