{
  "irrig_c4ann": {
    "mean": 0.022427184314775188,
    "std": 0.09957745945508976,
    "count": 15849120,
    "sum": 355451.1354669897,
    "sumsq": 165126.41867978577
  }
}