{
  "fertl_c4ann": {
    "mean": 4.097673918303218,
    "std": 21.97039531313104,
    "count": 15849120,
    "sum": 64944525.6520579,
    "sumsq": 7916464297.33494
  }
}