{
  "nfer_pas_no3": {
    "mean": 0.07380298714223796,
    "std": 1.1030219759264277,
    "count": 15849120,
    "sum": 1169712.3995757864,
    "sumsq": 19369278.658723913
  }
}