{
  "spfh_rolling_mean": {
    "mean": 0.00662637212137902,
    "std": 0.00446230656622925,
    "min": 0.0009308198932558298,
    "max": 0.020282914862036705,
    "count": 15849120,
    "sum": 105022.16691639065,
    "sumsq": 1011.506487535832
  }
}