{
  "crpbf_c4per": {
    "mean": 0.0010163651245295121,
    "std": 0.027028407456112468,
    "count": 15849120,
    "sum": 16108.492822483182,
    "sumsq": 11594.705972057178
  }
}