{
  "ra": {
    "mean": 1.297017623321682e-08,
    "std": 1.5613480278909497e-08,
    "count": 190189440,
    "sum": 2.4667905544968165,
    "sumsq": 7.835923567042913e-08
  }
}