{
  "fFire": {
    "mean": 4.5386096223220225e-08,
    "std": 1.3394159622542888e-07,
    "min": 0.0,
    "max": 9.364360266772565e-06,
    "count": 190189440,
    "sum": 8.63195622448037,
    "sumsq": 3.803836143819115e-06
  }
}