{
  "soil_porosity": {
    "mean": 0.44377177000374624,
    "std": 0.05819313467944989,
    "count": 15849120,
    "sum": 7033392.035401775,
    "sumsq": 3174892.94125504
  }
}