{
  "wetnhx": {
    "mean": 3.050468082579794e-12,
    "std": 5.500320733830975e-12,
    "min": 0.0,
    "max": 7.261590218021752e-10,
    "count": 190189440,
    "sum": 0.0005801668163637248,
    "sumsq": 7.523681937519023e-15
  }
}