{
  "population": {
    "mean": 1531.929922853038,
    "std": 9034.403096027056,
    "count": 15849120,
    "sum": 24279741178.888542,
    "sumsq": 1330806998973307.8
  }
}