{
  "crpbf_c4ann": {
    "mean": 0.0007292905567702836,
    "std": 0.013046570140569917,
    "min": 0.0,
    "max": 0.8325265645980835,
    "count": 15849120,
    "sum": 11558.613549119036,
    "sumsq": 2706.155730337436
  }
}