{
  "drynhx": {
    "mean": 2.4765787900703854e-12,
    "std": 4.373700397415586e-12,
    "count": 190189440,
    "sum": 0.0004710191331993642,
    "sumsq": 4.804698322704716e-15
  }
}