{
  "cSoil": {
    "mean": 12.714475476582242,
    "std": 13.60335635709367,
    "min": 0.10228527337312698,
    "max": 310.40789794921875,
    "count": 15849120,
    "sum": 201513247.56540915,
    "sumsq": 5495035570.451744
  }
}