{
  "orography_std_dev": {
    "mean": 77.99636157231016,
    "std": 91.2557314161689,
    "min": 0.0,
    "max": 785.2661743164062,
    "count": 15849120,
    "sum": 1236173694.1229324,
    "sumsq": 228402317100.85052
  }
}