{
  "pastr": {
    "mean": 0.025673042861847257,
    "std": 0.06945293111846844,
    "min": 0.0,
    "max": 0.9946438074111938,
    "count": 15849120,
    "sum": 406895.13708256057,
    "sumsq": 86897.7892391193
  }
}