{
  "gpp": {
    "mean": 2.4544085424589607e-08,
    "std": 2.9942285751050885e-08,
    "min": 0.0,
    "max": 1.3829374267970707e-07,
    "count": 190189440,
    "sum": 4.66802586221486,
    "sumsq": 2.850849565937092e-07
  }
}