{
  "pre_rolling_mean": {
    "mean": 2.1090645234965812e-05,
    "std": 1.923086014013833e-05,
    "min": 2.0188565486023435e-08,
    "max": 0.00021324001136235893,
    "count": 15849120,
    "sum": 334.26816720640136,
    "sumsq": 0.012911347691442069
  }
}