{
  "mrro": {
    "mean": 6.97507331891081e-06,
    "std": 1.3939758526035378e-05,
    "min": 8.505876558650982e-12,
    "max": 0.0006715231575071812,
    "count": 190189440,
    "sum": 1326.5852884825883,
    "sumsq": 0.0462100459135772
  }
}