{
  "c3nfx": {
    "mean": 0.010145987599015865,
    "std": 0.03539469168539785,
    "min": 0.0,
    "max": 0.605500340461731,
    "count": 15849120,
    "sum": 160804.97497531434,
    "sumsq": 21487.05239400832
  }
}