{
  "vgrd": {
    "mean": -0.011996280820083994,
    "std": 2.1369954337017565,
    "min": -23.243682861328125,
    "max": 22.91131591796875,
    "count": 5784928800,
    "sum": -69397630.40899152,
    "sumsq": 26419153123.884987
  }
}