{
  "potential_radiation": {
    "mean": 27793.390143786477,
    "std": 12415.439777094942,
    "count": 5784928800,
    "sum": 160782783092426.53,
    "sumsq": 5.360405736907106e+18
  }
}