{
  "flood": {
    "mean": 0.022579538418312336,
    "std": 0.11588393879974151,
    "min": 0.0,
    "max": 1.0,
    "count": 15849120,
    "sum": 357865.8139364424,
    "sumsq": 220919.6605546938
  }
}