{
  "co2": {
    "mean": 326.00865032704723,
    "std": 30.73789153667874,
    "min": 297.7699890136719,
    "max": 419.30999755859375,
    "count": 15849120,
    "sum": 5166950220.071411,
    "sumsq": 1699445001034.2131
  }
}