{
  "nfer_crop_no3": {
    "mean": 0.1951797299547509,
    "std": 0.6314485131257683,
    "min": 0.0,
    "max": 19.94365119934082,
    "count": 15849120,
    "sum": 3093426.9616204416,
    "sumsq": 6923249.870996648
  }
}