{
  "nfer_crop_nh4": {
    "mean": 0.8058762945088175,
    "std": 2.5031345623148704,
    "min": 0.0,
    "max": 34.142635345458984,
    "count": 15849120,
    "sum": 12772430.096825588,
    "sumsq": 109598554.63490795
  }
}