{
  "fharv_c4per": {
    "mean": 0.8999999761581421,
    "std": 1.0536712127723509e-08,
    "min": 0.8999999761581421,
    "max": 0.8999999761581421,
    "count": 15849120,
    "sum": 14264207.622127533,
    "sumsq": 12837786.51982957
  }
}