{
  "avh15c1_lai": {
    "mean": 1.1267918508013541,
    "std": 1.39705398946652,
    "count": 15272500,
    "sum": 17208928.541363683,
    "sumsq": 49199132.7426807
  }
}