{
  "lai": {
    "mean": 2.029031856686697,
    "std": 1.9035672134054331,
    "count": 190189440,
    "sum": 385900432.56540316,
    "sumsq": 1472168665.762958
  }
}