{
  "split": "train",
  "year_windows": 1700,
  "shard_id": 4,
  "n_shards": 100,
  "means_per_balance": {
    "water_balance": 737.6422750136431,
    "npp_balance": 1.9902939786696215e-24,
    "nbp_balance": 1.4040341798143849e-14,
    "carbon_partition_december": 0.00011557511081371238,
    "nbp_delta_ctotal": 0.00017360886565738302,
    "all_on": 737.6425622379079
  },
  "mean_all_on": 737.6425622379079
}