Variables,co2_-100pct,co2_-20pct,co2_-40pct,co2_-60pct,co2_-80pct,co2_0pct,co2_100pct,co2_20pct,co2_40pct,co2_60pct,co2_80pct
Gross Primary Production,0.5565162250527431,0.7696617490953173,0.6803790324642061,0.6218460299329183,0.5836863161791985,0.7994025544684138,0.6442382185532504,0.7632590216926058,0.7224912127973149,0.6812266786509629,0.656239296606063
Net Biome Productivity,0.4436662768064169,0.578611079705394,0.5156917189769767,0.47203984397498927,0.45491602321002267,0.6168558479018744,0.46678967357424395,0.5956313752360417,0.561999423559097,0.5248613435536122,0.4949862328458301
Net Primary Production,0.582808026459499,0.7794408909482631,0.697494030888521,0.6404400803629018,0.6062320824788102,0.8071347916274556,0.654706238610881,0.7724424727281809,0.7339857656130259,0.6953642695632173,0.6694329911084963
Evapotranspiration,0.6270990337451318,0.8721062320027926,0.7957992105270058,0.7179983698850222,0.6651616865786443,0.8906854292455447,0.7608823985999775,0.8862636202120843,0.8790857619234357,0.8648841204263006,0.826136417080465
Carbon in Vegetation,0.8888524589753318,0.9087273472049248,0.9023072015589155,0.8960756579544717,0.8919250946883978,0.9096608823374559,0.9036026935760567,0.9077662262018859,0.9047084548775033,0.9047380197111303,0.9057815953609925
Leaf Area Index,0.44785075257018897,0.6782672580837195,0.5807664523970558,0.5178778616434683,0.47709390207258745,0.7168246437725199,0.5774251293166996,0.7027354703070618,0.6728210191147042,0.6428338805929015,0.6191733273748149
