{
  "split": "train",
  "year_windows": 1700,
  "shard_id": 14,
  "n_shards": 100,
  "means_per_balance": {
    "water_balance": 747.0678545245003,
    "npp_balance": 2.034953861212628e-24,
    "nbp_balance": 1.7969455829888203e-14,
    "carbon_partition_december": 0.00011319917812001864,
    "nbp_delta_ctotal": 0.00017981606074232224,
    "all_on": 747.0681476548139
  },
  "mean_all_on": 747.0681476548139
}