{
  "split": "train",
  "year_windows": 5185,
  "shard_id": 8,
  "n_shards": 32,
  "means_per_balance": {
    "water_balance": 13350033169570.932,
    "npp_balance": 0.9426355046729342,
    "nbp_balance": 1.3007262211526487,
    "carbon_partition": 2.217778740715498,
    "nbp_delta_ctotal": 7310702225494.502,
    "all_on": 20660735403963.668
  },
  "mean_all_on": 20660735403963.668
}