{
  "split": "train",
  "year_windows": 1700,
  "shard_id": 20,
  "n_shards": 100,
  "means_per_balance": {
    "water_balance": 15.495380846472347,
    "npp_balance": 7.931598164459786e-13,
    "nbp_balance": 4.115106845346909e-08,
    "carbon_partition_december": 0.006851983032846714,
    "nbp_delta_ctotal": 0.008172118556137909,
    "all_on": 15.510404945822323
  },
  "mean_all_on": 15.510404945822323
}