{
  "split": "train",
  "year_windows": 1700,
  "shard_id": 29,
  "n_shards": 100,
  "means_per_balance": {
    "water_balance": 15.79435409265406,
    "npp_balance": 8.238642260490579e-13,
    "nbp_balance": 4.511387012668171e-08,
    "carbon_partition_december": 0.0077857229195754316,
    "nbp_delta_ctotal": 0.008808204869684928,
    "all_on": 15.810948026881498
  },
  "mean_all_on": 15.810948026881498
}