{
  "split": "train",
  "year_windows": 1700,
  "shard_id": 95,
  "n_shards": 100,
  "means_per_balance": {
    "water_balance": 15.853049176721012,
    "npp_balance": 8.299114821311273e-13,
    "nbp_balance": 4.250737321974478e-08,
    "carbon_partition_december": 0.008907946281902054,
    "nbp_delta_ctotal": 0.009635305891690009,
    "all_on": 15.871592411153456
  },
  "mean_all_on": 15.871592411153456
}