{
  "split": "train",
  "year_windows": 5185,
  "shard_id": 14,
  "n_shards": 32,
  "means_per_balance": {
    "water_balance": 12748028257240.305,
    "npp_balance": 0.9386925956782173,
    "nbp_balance": 1.4457678997298216,
    "carbon_partition": 2.26547639048088,
    "nbp_delta_ctotal": 7234856106625.852,
    "all_on": 19982884351934.434
  },
  "mean_all_on": 19982884351934.434
}