{
  "split": "train",
  "year_windows": 1700,
  "shard_id": 71,
  "n_shards": 100,
  "means_per_balance": {
    "water_balance": 719.105876231474,
    "npp_balance": 2.0044929153363926e-24,
    "nbp_balance": 2.6772881452510183e-14,
    "carbon_partition_december": 0.0001620658960682169,
    "nbp_delta_ctotal": 0.00022776285364456913,
    "all_on": 719.106267377068
  },
  "mean_all_on": 719.106267377068
}