{
  "model_info": "DistributedDataParallel(\n  (module): YearProcessor(\n    (inner): CustomTransformer(\n      (pre_conv): Sequential(\n        (0): Conv1d(70, 1024, kernel_size=(1,), stride=(1,))\n        (1): PReLU(num_parameters=1)\n        (2): Conv1d(1024, 384, kernel_size=(1,), stride=(1,))\n        (3): BatchNorm1d(384, eps=1e-05, momentum=0.1, affine=True, track_running_stats=True)\n      )\n      (pos_enc): PositionalEncoding(\n        (dropout): Dropout(p=0.1, inplace=False)\n      )\n      (transformer): TransformerEncoder(\n        (layers): ModuleList(\n          (0-3): 4 x TransformerEncoderLayer(\n            (self_attn): MultiheadAttention(\n              (out_proj): NonDynamicallyQuantizableLinear(in_features=128, out_features=128, bias=True)\n            )\n            (linear1): Linear(in_features=128, out_features=512, bias=True)\n            (dropout): Dropout(p=0.1, inplace=False)\n            (linear2): Linear(in_features=512, out_features=128, bias=True)\n            (norm1): LayerNorm((128,), eps=1e-05, elementwise_affine=True)\n            (norm2): LayerNorm((128,), eps=1e-05, elementwise_affine=True)\n            (dropout1): Dropout(p=0.1, inplace=False)\n            (dropout2): Dropout(p=0.1, inplace=False)\n          )\n        )\n      )\n      (post_conv): Sequential(\n        (0): Conv1d(128, 256, kernel_size=(1,), stride=(1,))\n        (1): PReLU(num_parameters=1)\n        (2): Conv1d(256, 15, kernel_size=(1,), stride=(1,))\n      )\n    )\n  )\n)",
  "train_loss": [
    8.36826491355896,
    6.185064315795898,
    5.8330347537994385,
    4.206725716590881,
    4.880616188049316,
    3.3125158548355103,
    3.540608286857605,
    3.568723201751709,
    2.9217166900634766,
    2.957554578781128,
    2.9510639905929565,
    2.6860722303390503,
    2.634148359298706,
    2.6443477869033813,
    2.490431785583496,
    2.4503695964813232
  ],
  "val_loss": [
    2.478848682191907,
    3.798050290353748,
    2.683762665237395,
    3.90862058398827,
    2.7569818238138546,
    2.384516950423012,
    2.5670887543154612,
    2.411733017861843,
    2.7432756868248083,
    3.010489442777269,
    2.7662951052492977,
    2.581503673597258,
    2.5370118364691736,
    2.4736908169273213,
    2.5550703685806724,
    2.6663864262250003
  ],
  "val_loss_batches": [],
  "val_loss_steps": [],
  "batch_loss": [
    8.36826491355896,
    6.185064315795898,
    5.8330347537994385,
    4.206725716590881,
    4.880616188049316,
    3.3125158548355103,
    3.540608286857605,
    3.568723201751709,
    2.9217166900634766,
    2.957554578781128,
    2.9510639905929565,
    2.6860722303390503,
    2.634148359298706,
    2.6443477869033813,
    2.490431785583496,
    2.4503695964813232
  ],
  "batch_step": [
    0,
    1,
    2,
    3,
    4,
    5,
    6,
    7,
    8,
    9,
    10,
    11,
    12,
    13,
    14,
    15
  ],
  "epoch_edges": [
    0,
    1,
    2,
    3,
    4,
    5,
    6,
    7,
    8,
    9,
    10,
    11,
    12,
    13,
    14,
    15,
    16
  ],
  "samples_seen": 376320,
  "lr_values": [
    8.999999421943739e-05,
    8.999997687775117e-05,
    8.99999479749463e-05,
    8.999990751103103e-05,
    8.999985548601692e-05,
    8.999979189991883e-05,
    8.999971675275488e-05,
    8.999963004454654e-05,
    8.999953177531857e-05,
    8.999942194509901e-05,
    8.999930055391921e-05,
    8.999916760181383e-05,
    8.999902308882082e-05,
    8.999886701498143e-05,
    8.999869938034021e-05,
    8.999852018494503e-05,
    8.999832942884702e-05,
    8.999812711210066e-05,
    8.999791323476368e-05,
    8.999768779689713e-05,
    8.999745079856537e-05,
    8.999720223983607e-05,
    8.999694212078018e-05,
    8.999667044147194e-05,
    8.99963872019889e-05,
    8.999609240241192e-05,
    8.999578604282517e-05,
    8.999546812331608e-05,
    8.99951386439754e-05,
    8.999479760489721e-05,
    8.999444500617886e-05,
    8.999408084792097e-05
  ],
  "lr_steps": [
    0,
    1,
    2,
    3,
    4,
    5,
    6,
    7,
    8,
    9,
    10,
    11,
    12,
    13,
    14,
    15,
    16,
    17,
    18,
    19,
    20,
    21,
    22,
    23,
    24,
    25,
    26,
    27,
    28,
    29,
    30,
    31
  ],
  "mb_train": {
    "carbon_partition_december": [
      2.027155429124832,
      1.2688613384962082,
      1.2208559215068817,
      0.6107787042856216,
      1.0376390516757965,
      0.2545909956097603,
      0.4889945536851883,
      0.5022035092115402,
      0.1934930384159088,
      0.29339599609375,
      0.3161410242319107,
      0.1697930097579956,
      0.20826084166765213,
      0.22394577413797379,
      0.12973890081048012,
      0.1433115229010582
    ],
    "npp_balance": [
      1.394408731618756e-16,
      1.3147198962395019e-16,
      1.2641540869001938e-16,
      1.1434128593313012e-16,
      1.1283933273588696e-16,
      1.166950736025895e-16,
      1.256102194495329e-16,
      1.2737472494307922e-16,
      1.2381178662617484e-16,
      1.2253202189628166e-16,
      1.2161242969966998e-16,
      1.2459449335610607e-16,
      1.2741580609271984e-16,
      1.2771184627913433e-16,
      1.2726558233866197e-16,
      1.2649667272285418e-16
    ],
    "nbp_balance": [
      6.640591558015603e-12,
      5.918431384219084e-12,
      5.535935445678038e-12,
      5.213655714632012e-12,
      5.1601840069795055e-12,
      5.321506937498244e-12,
      5.552652064408576e-12,
      5.744683750913545e-12,
      5.9105315314365164e-12,
      6.013723014301666e-12,
      6.1129959109945805e-12,
      6.189809093816337e-12,
      6.229807683651579e-12,
      6.325221498236803e-12,
      6.3881846335797675e-12,
      6.442899573840606e-12
    ],
    "nbp_vs_delta_ctotal_monthly": [
      5.12726902961731,
      3.7251920998096466,
      3.4073591232299805,
      2.371159940958023,
      2.5780069082975388,
      1.7354918271303177,
      1.728193312883377,
      1.738121211528778,
      1.3792838901281357,
      1.313866302371025,
      1.2933747470378876,
      1.1773935332894325,
      1.0947779566049576,
      1.0953381657600403,
      1.0402784496545792,
      1.0095298662781715
    ]
  },
  "mb_val": {
    "carbon_partition_december": [
      0.36340783046117137,
      1.1359199352971663,
      0.3249040821826755,
      0.9020636644503963,
      0.315037594492433,
      0.22884020425790566,
      0.3384602239250084,
      0.18656699338559696,
      0.3220141711079271,
      0.4169058865498133,
      0.2560141850468018,
      0.18253769229642267,
      0.17232103717826844,
      0.12605669657450747,
      0.17802759870027404,
      0.2558478816790015
    ],
    "npp_balance": [
      1.472775898586798e-16,
      1.4761829433042978e-16,
      1.3783868599493275e-16,
      1.322642329471231e-16,
      1.2939033701108655e-16,
      1.3120792303947497e-16,
      1.3096058787781268e-16,
      1.2623252114757405e-16,
      1.2271634448956256e-16,
      1.2325373876035286e-16,
      1.2734857782919932e-16,
      1.326032167930228e-16,
      1.3591034052662238e-16,
      1.3708983988796235e-16,
      1.3646661652940215e-16,
      1.3399850058927849e-16
    ],
    "nbp_balance": [
      1.0671059662391828e-11,
      9.758359043029919e-12,
      9.283966265652756e-12,
      8.850442360752394e-12,
      8.413831421958157e-12,
      8.112353433285006e-12,
      7.995961980574735e-12,
      8.118197479464519e-12,
      8.394370316293257e-12,
      8.713246388061498e-12,
      8.966989608547404e-12,
      9.122836627068063e-12,
      9.230054230362117e-12,
      9.319292009622098e-12,
      9.408728931327725e-12,
      9.469722218073733e-12
    ],