{"Carbon Cycle": {"children": {"Gross Primary Production": {"children": {"ENSMEAN": {"children": {}, "Spatial Distribution Score global": [0.3760729234382698, -0.39330607025513387, 0.017233146816864053], "Spatial Distribution Score train": [0.3767631760250578, -0.38675408048202686, 0.009990904456952387], "Seasonal Cycle Score global": [-0.740950627705899, -0.6727140867242838, 1.4136647144301746], "Seasonal Cycle Score train": [-0.7479823799906347, -0.6654277676043888, 1.4134101475950234], "Bias Score global": [-0.28601296064734727, -1.0564298205094727, 1.3424427811568216], "Bias Score train": [-0.25526900382549594, -1.0769933666692695, 1.3322623704947654], "RMSE Score global": [-0.6072950757523589, -0.8024241226527398, 1.4097191984050998], "RMSE Score train": [-0.6003208741144431, -0.8087629760227149, 1.4090838501371568], "Overall Score global": [-0.5300750559372496, -0.870420673069547, 1.4004957290067965], "Overall Score train": [-0.5188225607988763, -0.8799382545566127, 1.3987608153554911]}}, "Spatial Distribution Score global": [0.3760729234382698, -0.39330607025513387, 0.017233146816864053], "Spatial Distribution Score train": [0.3767631760250578, -0.38675408048202686, 0.009990904456952387], "Seasonal Cycle Score global": [-0.740950627705899, -0.6727140867242838, 1.4136647144301746], "Seasonal Cycle Score train": [-0.7479823799906347, -0.6654277676043888, 1.4134101475950234], "Bias Score global": [-0.28601296064734727, -1.0564298205094727, 1.3424427811568216], "Bias Score train": [-0.25526900382549594, -1.0769933666692695, 1.3322623704947654], "RMSE Score global": [-0.6072950757523589, -0.8024241226527398, 1.4097191984050998], "RMSE Score train": [-0.6003208741144431, -0.8087629760227149, 1.4090838501371568], "Overall Score global": [-0.5300750559372496, -0.870420673069547, 1.4004957290067965], "Overall Score train": [-0.5188225607988763, -0.8799382545566127, 1.3987608153554911]}, "Net Biome Productivity": {"children": {"ENSMEAN": {"children": {}}}}, "Net Primary Production": {"children": {"ENSMEAN": {"children": {}}}}, "Autotrophic Respiration": {"children": {"ENSMEAN": {"children": {}}}}, "Heterotrophic Respiration": {"children": {"ENSMEAN": {"children": {}}}}, "Net Ecosystem Exchange": {"children": {"ENSMEAN": {"children": {}}}}, "Land-Use Change Emissions": {"children": {"ENSMEAN": {"children": {}}}}, "Fire Emissions": {"children": {"ENSMEAN": {"children": {}}}}}, "Spatial Distribution Score global": [0.04700911542978373, -0.04916325878189173, 0.0021541433521080067], "Spatial Distribution Score train": [0.04709539700313223, -0.04834426006025336, 0.0012488630571190484], "Seasonal Cycle Score global": [-0.19142314866635313, -0.173794371470707, 0.36521752013705805], "Seasonal Cycle Score train": [-0.18403085669499233, -0.1637194209606986, 0.34775027765569094], "Bias Score global": [-0.1151537903161623, -0.4253370118590012, 0.5404908021751642], "Bias Score train": [-0.09718351780236417, -0.4100223781743656, 0.5072058959767297], "RMSE Score global": [-0.3461535978927586, -0.45737567812167007, 0.8035292760144294], "RMSE Score train": [-0.3225430355349307, -0.43453572341531005, 0.75707875895024], "Overall Score global": [-0.19037500386765022, -0.3126091996709879, 0.502984203538638], "Overall Score train": [-0.17584100971281685, -0.29823150120518727, 0.4740725109180048]}, "Water Cycle": {"children": {"Total Runoff": {"children": {"ENSMEAN": {"children": {}}}}, "Evapotranspiration": {"children": {"ENSMEAN": {"children": {}}}}, "Total Soil Moisture Content": {"children": {"ENSMEAN": {"children": {}}}}}}, "Carbon Stocks": {"children": {"Carbon in Vegetation": {"children": {"ENSMEAN": {"children": {}}}}, "Carbon in Soil Pool": {"children": {"ENSMEAN": {"children": {}}}}, "Carbon in Litter Pool": {"children": {"ENSMEAN": {"children": {}}}}, "Carbon in Ecosystem": {"children": {"ENSMEAN": {"children": {}}}}}}, "Vegetation Structure": {"children": {"Leaf Area Index": {"children": {"ENSMEAN": {"children": {}}}}}}}