{
  "split": "train",
  "year_windows": 1700,
  "shard_id": 9,
  "n_shards": 100,
  "means_per_balance": {
    "water_balance": 730.4413244628906,
    "npp_balance": 1.9038959046672673e-24,
    "nbp_balance": 1.5502678867552937e-14,
    "carbon_partition_december": 0.00012217942013889756,
    "nbp_delta_ctotal": 0.00017805568635059684,
    "all_on": 730.4416250251321
  },
  "mean_all_on": 730.4416250251321
}