{"Carbon Cycle": {"children": {"Gross Primary Production": {"children": {"ENSMEAN": {"children": {}}}}, "Net Biome Productivity": {"children": {"ENSMEAN": {"children": {}}}}, "Net Primary Production": {"children": {"ENSMEAN": {"children": {}}}}, "Autotrophic Respiration": {"children": {"ENSMEAN": {"children": {}}}}, "Heterotrophic Respiration": {"children": {"ENSMEAN": {"children": {}}}}, "Land-Use Change Emissions": {"children": {"ENSMEAN": {"children": {}}}}, "Fire Emissions": {"children": {"ENSMEAN": {"children": {}}}}}}, "Water Cycle": {"children": {"Total Runoff": {"children": {"ENSMEAN": {"children": {}}}}, "Evapotranspiration": {"children": {"ENSMEAN": {"children": {}}}}, "Total Soil Moisture Content": {"children": {"ENSMEAN": {"children": {}}}}}}, "Carbon Stocks": {"children": {"Carbon in Vegetation": {"children": {"ENSMEAN": {"children": {}}}}, "Carbon in Soil Pool": {"children": {"ENSMEAN": {"children": {}}}}, "Carbon in Litter Pool": {"children": {"ENSMEAN": {"children": {}}}}, "Carbon in Ecosystem": {"children": {"ENSMEAN": {"children": {}}}}}}, "Vegetation Structure": {"children": {"Leaf Area Index": {"children": {"ENSMEAN": {"children": {}, "Spatial Distribution Score global": [-1.4084653352219427, 0.5939192522499902, 0.8145460829719532], "Spatial Distribution Score test": [-1.4106901921263582, 0.6189455221124109, 0.7917446700139472], "Seasonal Cycle Score global": [-1.350822837433284, 0.3128397066354017, 1.0379831307978793], "Seasonal Cycle Score test": [-1.3768596136564089, 0.4087993306432106, 0.9680602830131952], "Bias Score global": [-1.3987231696535578, 0.5185851455274909, 0.8801380241260665], "Bias Score test": [-1.406765601708852, 0.5778523010284919, 0.82891330068036], "RMSE Score global": [-1.4075672829835215, 0.5851844934940126, 0.8223827894895069], "RMSE Score test": [-1.4103056372509788, 0.6141665166147908, 0.7961391206361887], "Overall Score global": [-1.4042165754248355, 0.5567402823721455, 0.8474762930526912], "Overall Score test": [-1.4083797751254041, 0.5930602031247248, 0.815319572000682]}}, "Spatial Distribution Score global": [-1.4084653352219427, 0.5939192522499902, 0.8145460829719532], "Spatial Distribution Score test": [-1.4106901921263582, 0.6189455221124109, 0.7917446700139472], "Seasonal Cycle Score global": [-1.350822837433284, 0.3128397066354017, 1.0379831307978793], "Seasonal Cycle Score test": [-1.3768596136564089, 0.4087993306432106, 0.9680602830131952], "Bias Score global": [-1.3987231696535578, 0.5185851455274909, 0.8801380241260665], "Bias Score test": [-1.406765601708852, 0.5778523010284919, 0.82891330068036], "RMSE Score global": [-1.4075672829835215, 0.5851844934940126, 0.8223827894895069], "RMSE Score test": [-1.4103056372509788, 0.6141665166147908, 0.7961391206361887], "Overall Score global": [-1.4042165754248355, 0.5567402823721455, 0.8474762930526912], "Overall Score test": [-1.4083797751254041, 0.5930602031247248, 0.815319572000682]}}, "Spatial Distribution Score global": [-1.4084653352219427, 0.5939192522499902, 0.8145460829719532], "Spatial Distribution Score test": [-1.4106901921263582, 0.6189455221124109, 0.7917446700139472], "Seasonal Cycle Score global": [-1.350822837433284, 0.3128397066354017, 1.0379831307978793], "Seasonal Cycle Score test": [-1.3768596136564089, 0.4087993306432106, 0.9680602830131952], "Bias Score global": [-1.3987231696535578, 0.5185851455274909, 0.8801380241260665], "Bias Score test": [-1.406765601708852, 0.5778523010284919, 0.82891330068036], "RMSE Score global": [-1.4075672829835215, 0.5851844934940126, 0.8223827894895069], "RMSE Score test": [-1.4103056372509788, 0.6141665166147908, 0.7961391206361887], "Overall Score global": [-1.4042165754248355, 0.5567402823721455, 0.8474762930526912], "Overall Score test": [-1.4083797751254041, 0.5930602031247248, 0.815319572000682]}}