{
  "split": "train",
  "year_windows": 1615,
  "shard_id": 83,
  "n_shards": 100,
  "means_per_balance": {
    "water_balance": 16.494172746994916,
    "npp_balance": 8.32019256808089e-13,
    "nbp_balance": 3.9600971392096077e-08,
    "carbon_partition_december": 0.009113667843915268,
    "nbp_delta_ctotal": 0.009611869657602473,
    "all_on": 16.512898271519333
  },
  "mean_all_on": 16.512898271519333
}