{
  "split": "train",
  "year_windows": 1700,
  "shard_id": 57,
  "n_shards": 100,
  "means_per_balance": {
    "water_balance": 765.6299660536822,
    "npp_balance": 1.978110951162221e-24,
    "nbp_balance": 2.5089353856319856e-14,
    "carbon_partition_december": 0.00015615041839897885,
    "nbp_delta_ctotal": 0.0002350577686635969,
    "all_on": 765.6303583481732
  },
  "mean_all_on": 765.6303583481732
}