{
  "split": "train",
  "year_windows": 1700,
  "shard_id": 42,
  "n_shards": 100,
  "means_per_balance": {
    "water_balance": 15.634052357393152,
    "npp_balance": 8.216203224248217e-13,
    "nbp_balance": 4.818554908910876e-08,
    "carbon_partition_december": 0.007832276410806705,
    "nbp_delta_ctotal": 0.00893159037702443,
    "all_on": 15.650816229090971
  },
  "mean_all_on": 15.650816229090971
}