{
  "split": "train",
  "year_windows": 5270,
  "shard_id": 2,
  "n_shards": 32,
  "means_per_balance": {
    "water_balance": 12738955441388.666,
    "npp_balance": 0.7504908173201885,
    "nbp_balance": 1.1842386837928527,
    "carbon_partition": 1.8893346341104165,
    "nbp_delta_ctotal": 5684413234565.78,
    "all_on": 18423368676501.617
  },
  "mean_all_on": 18423368676501.617
}