{
  "split": "train",
  "year_windows": 1700,
  "shard_id": 60,
  "n_shards": 100,
  "means_per_balance": {
    "water_balance": 754.2733312449735,
    "npp_balance": 1.941079374976354e-24,
    "nbp_balance": 2.6188545811742835e-14,
    "carbon_partition_december": 0.00015831635887854432,
    "nbp_delta_ctotal": 0.0002300423696578946,
    "all_on": 754.2737200568704
  },
  "mean_all_on": 754.2737200568704
}