{
  "split": "train",
  "year_windows": 1700,
  "shard_id": 68,
  "n_shards": 100,
  "means_per_balance": {
    "water_balance": 711.892915021111,
    "npp_balance": 1.975405298164115e-24,
    "nbp_balance": 2.4652287560063014e-14,
    "carbon_partition_december": 0.0001493954254735453,
    "nbp_delta_ctotal": 0.0002354711916824967,
    "all_on": 711.893298662971
  },
  "mean_all_on": 711.893298662971
}