{
  "split": "train",
  "year_windows": 1700,
  "shard_id": 15,
  "n_shards": 100,
  "means_per_balance": {
    "water_balance": 733.5435454245174,
    "npp_balance": 1.9881327399858606e-24,
    "nbp_balance": 1.8590565260040833e-14,
    "carbon_partition_december": 0.00010773652214565492,
    "nbp_delta_ctotal": 0.0001748406675110078,
    "all_on": 733.5438293816062
  },
  "mean_all_on": 733.5438293816062
}