{
  "split": "train",
  "year_windows": 1700,
  "shard_id": 82,
  "n_shards": 100,
  "means_per_balance": {
    "water_balance": 16.404816182641422,
    "npp_balance": 8.45743071578923e-13,
    "nbp_balance": 3.8555503598658444e-08,
    "carbon_partition_december": 0.009106456364833695,
    "nbp_delta_ctotal": 0.009907450583379935,
    "all_on": 16.423830091252047
  },
  "mean_all_on": 16.423830091252047
}