{
  "split": "train",
  "year_windows": 1615,
  "shard_id": 72,
  "n_shards": 100,
  "means_per_balance": {
    "water_balance": 791.3453915244654,
    "npp_balance": 1.9689907801885344e-24,
    "nbp_balance": 2.5086678427542446e-14,
    "carbon_partition_december": 0.0001674442884809411,
    "nbp_delta_ctotal": 0.0002203460608593883,
    "all_on": 791.3457812613378
  },
  "mean_all_on": 791.3457812613378
}