{
  "split": "train",
  "year_windows": 1700,
  "shard_id": 59,
  "n_shards": 100,
  "means_per_balance": {
    "water_balance": 744.0227304436179,
    "npp_balance": 1.9435136189299075e-24,
    "nbp_balance": 2.3172457878632913e-14,
    "carbon_partition_december": 0.00016238347594908726,
    "nbp_delta_ctotal": 0.00022674938686096163,
    "all_on": 744.0231201171875
  },
  "mean_all_on": 744.0231201171875
}