{
  "split": "train",
  "year_windows": 1700,
  "shard_id": 70,
  "n_shards": 100,
  "means_per_balance": {
    "water_balance": 15.785038865033318,
    "npp_balance": 8.085879757641426e-13,
    "nbp_balance": 4.993824897551115e-08,
    "carbon_partition_december": 0.008208136804785361,
    "nbp_delta_ctotal": 0.0093144747844952,
    "all_on": 15.802561488993028
  },
  "mean_all_on": 15.802561488993028
}