{
  "split": "train",
  "year_windows": 1700,
  "shard_id": 92,
  "n_shards": 100,
  "means_per_balance": {
    "water_balance": 735.5261005715763,
    "npp_balance": 2.030996786420575e-24,
    "nbp_balance": 1.7567409705816818e-14,
    "carbon_partition_december": 0.00019557245317735258,
    "nbp_delta_ctotal": 0.00024073852413601023,
    "all_on": 735.5265378166647
  },
  "mean_all_on": 735.5265378166647
}