{
  "split": "train",
  "year_windows": 1700,
  "shard_id": 23,
  "n_shards": 100,
  "means_per_balance": {
    "water_balance": 16.05086785316467,
    "npp_balance": 8.201016918578324e-13,
    "nbp_balance": 4.08044471111215e-08,
    "carbon_partition_december": 0.0070046567004721835,
    "nbp_delta_ctotal": 0.008218627433456919,
    "all_on": 16.066091145908132
  },
  "mean_all_on": 16.066091145908132
}