{
  "split": "train",
  "year_windows": 1700,
  "shard_id": 89,
  "n_shards": 100,
  "means_per_balance": {
    "water_balance": 770.7565652824851,
    "npp_balance": 2.073560380968439e-24,
    "nbp_balance": 2.1195024109358166e-14,
    "carbon_partition_december": 0.00019938613184957135,
    "nbp_delta_ctotal": 0.00025003858959226976,
    "all_on": 770.7570169426413
  },
  "mean_all_on": 770.7570169426413
}