{
  "split": "train",
  "year_windows": 5270,
  "shard_id": 13,
  "n_shards": 32,
  "means_per_balance": {
    "water_balance": 12569259519986.01,
    "npp_balance": 0.9509105367950063,
    "nbp_balance": 1.4961545956315758,
    "carbon_partition": 2.2424252051103726,
    "nbp_delta_ctotal": 7320259872516.955,
    "all_on": 19889519381708.8
  },
  "mean_all_on": 19889519381708.8
}