{
  "split": "train",
  "per_balance_stats_from_residuals": {
    "water_balance": {
      "count": 128543800,
      "mean": 0.9069693668566168,
      "std": 27.325385377934502,
      "mean_abs": 15.92838445319364,
      "mse": 747.4992794850584
    },
    "npp_balance": {
      "count": 140229600,
      "mean": 6.03792315206924e-14,
      "std": 1.407242648487071e-12,
      "mean_abs": 8.223077472659876e-13,
      "mse": 1.9839775233199398e-24
    },
    "nbp_balance": {
      "count": 140229600,
      "mean": 4.423425746007876e-08,
      "std": 1.332527837484723e-07,
      "mean_abs": 4.435574414873986e-08,
      "mse": 1.9712973909761705e-14
    },
    "nbp_vs_delta_ctotal_monthly": {
      "count": 128543800,
      "mean": 0.0005505070345599606,
      "std": 0.015286522463637486,
      "mean_abs": 0.010192193400879294,
      "mse": 0.00023398082702639217
    },
    "carbon_partition_december": {
      "count": 11685800,
      "mean": 0.0023665619490768563,
      "std": 0.012134095494038861,
      "mean_abs": 0.00795480674755648,
      "mse": 0.00015283688891727277
    }
  },
  "overall_mean_penalty_weighted": 15.945325801625886,
  "per_balance_mean_penalty_weighted": {
    "water_balance": 15.92838445205067,
    "npp_balance": 8.223077472468998e-13,
    "nbp_balance": 4.435574414444663e-08,
    "nbp_vs_delta_ctotal_monthly": null,
    "carbon_partition_december": 0.007954806747081565
  },
  "total_series_is_true_per_window_total": false
}