{
  "split": "train",
  "year_windows": 1615,
  "shard_id": 63,
  "n_shards": 100,
  "means_per_balance": {
    "water_balance": 16.169354291744646,
    "npp_balance": 8.318850528198136e-13,
    "nbp_balance": 5.0337985975200754e-08,
    "carbon_partition_december": 0.008237857899798697,
    "nbp_delta_ctotal": 0.00935696181394275,
    "all_on": 16.186949099844824
  },
  "mean_all_on": 16.186949099844824
}