{
  "split": "train",
  "year_windows": 1700,
  "shard_id": 26,
  "n_shards": 100,
  "means_per_balance": {
    "water_balance": 763.5381683170094,
    "npp_balance": 2.0024309366421524e-24,
    "nbp_balance": 1.88153967781563e-14,
    "carbon_partition_december": 0.00014399055746359998,
    "nbp_delta_ctotal": 0.00022141479854540462,
    "all_on": 763.538535120347
  },
  "mean_all_on": 763.538535120347
}