Variables,BASE_CARRY_ANNUAL,BASE_CARRY_MONTHS,BASE_NO_CARRY,ENSMEAN,TL_AVH15C1
Gross Primary Production,0.43609675656679786,0.43604677196573,0.48012744770364435,0.48195757505978265,0.4778344086585577
Net Ecosystem Exchange,0.10110008407746504,0.1024080319267705,0.07568482520532467,0.07840546053318317,0.2627818648032793
Ecosystem Respiration,0.3141118807092439,0.3148712673451678,0.34577752177062626,0.3463658530973862,0.34248473647522865
Total Runoff,--,--,--,--,0.5794891918006172
Evapotranspiration,--,--,--,--,0.7416296005438937
Total Soil Moisture Content,~,~,~,~,~
Biomass,0.5460289987805058,0.5639944251312861,0.7020381306463752,0.7117755084137116,0.7051520231283032
Carbon in Soil Pool,--,--,--,--,0.49029871904951516
Leaf Area Index,0.3592704123395207,0.36089710293083704,0.40931620413492653,0.41292885529785145,0.4216175768674364
