{
  "split": "train",
  "year_windows": 1700,
  "shard_id": 71,
  "n_shards": 100,
  "means_per_balance": {
    "water_balance": 15.772344447865205,
    "npp_balance": 8.303062044910108e-13,
    "nbp_balance": 5.227576403545614e-08,
    "carbon_partition_december": 0.008237802053473013,
    "nbp_delta_ctotal": 0.009205717297325678,
    "all_on": 15.789787980808931
  },
  "mean_all_on": 15.789787980808931
}