{
  "split": "train",
  "year_windows": 1700,
  "shard_id": 28,
  "n_shards": 100,
  "means_per_balance": {
    "water_balance": 15.687968195185942,
    "npp_balance": 8.038362534259291e-13,
    "nbp_balance": 4.616903646425432e-08,
    "carbon_partition_december": 0.008012870183652815,
    "nbp_delta_ctotal": 0.009032985965776093,
    "all_on": 15.705014088574577
  },
  "mean_all_on": 15.705014088574577
}