Variables,Base-Emulator,Stable-Emulator
Total Soil Moisture Content,--,0.6925656005253491
Carbon in Vegetation,--,0.8305960049439325
Carbon in Soil Pool,0.7609883805183199,0.8139447697742448
Carbon in Litter Pool,0.6258326181580747,0.848264130716819
Carbon in Ecosystem,--,0.41897937768917437
Leaf Area Index,--,0.7494859027692229
