{"Carbon Cycle": {"children": {"Gross Primary Production": {"children": {"ENSMEAN": {"children": {}, "Spatial Distribution Score global": [0.2140421239794632, -0.25603269038730336, -0.28945308401702174, 0.33144365042486745], "Seasonal Cycle Score global": [0.4439021914961817, -0.16816299947172528, 1.22899835645875, -1.5047375484832064], "Bias Score global": [1.0472759973127863, -0.9252014951792532, 0.9488548438461027, -1.0709293459796358], "RMSE Score global": [0.29623574936718294, -1.5227571245849616, -0.03530610863863193, 1.2618274838564107], "Overall Score global": [0.6450577088268461, -1.410971097979452, 0.5008320510992814, 0.265081338053319]}}, "Spatial Distribution Score global": [0.2140421239794632, -0.25603269038730336, -0.28945308401702174, 0.33144365042486745], "Seasonal Cycle Score global": [0.4439021914961817, -0.16816299947172528, 1.22899835645875, -1.5047375484832064], "Bias Score global": [1.0472759973127863, -0.9252014951792532, 0.9488548438461027, -1.0709293459796358], "RMSE Score global": [0.29623574936718294, -1.5227571245849616, -0.03530610863863193, 1.2618274838564107], "Overall Score global": [0.6450577088268461, -1.410971097979452, 0.5008320510992814, 0.265081338053319]}, "Net Biome Productivity": {"children": {"ENSMEAN": {"children": {}, "Spatial Distribution Score global": [-1.4687060358834072, -0.3351746207337326, 1.1295011356951925, 0.6743795209219481], "Seasonal Cycle Score global": [0.3940403803108228, -1.1950672816818497, 0.0028729220177992065, 0.7981539793532333], "Bias Score global": [-0.697815086228526, -0.049221469624216585, 0.29811837935225793, 0.4489181765004735], "RMSE Score global": [-1.0752122763815122, -0.22437854477024696, -0.33739876438523575, 1.636989585536997], "Overall Score global": [-1.372474973597652, -0.41073045095169247, 0.46869483197564477, 1.3145105925737022]}}, "Spatial Distribution Score global": [-1.4687060358834072, -0.3351746207337326, 1.1295011356951925, 0.6743795209219481], "Seasonal Cycle Score global": [0.3940403803108228, -1.1950672816818497, 0.0028729220177992065, 0.7981539793532333], "Bias Score global": [-0.697815086228526, -0.049221469624216585, 0.29811837935225793, 0.4489181765004735], "RMSE Score global": [-1.0752122763815122, -0.22437854477024696, -0.33739876438523575, 1.636989585536997], "Overall Score global": [-1.372474973597652, -0.41073045095169247, 0.46869483197564477, 1.3145105925737022]}}, "Spatial Distribution Score global": [-1.4513489072080525, -0.38365116075501443, 1.0946800436963486, 0.740320024266724], "Seasonal Cycle Score global": [0.5020218350882899, -0.7130770926154051, 0.845871400778625, -0.6348161432515209], "Bias Score global": [0.32945951085797676, -0.6239047262965758, 0.7636745028493208, -0.4692292874107218], "RMSE Score global": [-0.6151400987578408, -0.8295135676646767, -0.24978370371507064, 1.694437370137591], "Overall Score global": [-0.9782800324062403, -0.9646610666358819, 0.6361444787044129, 1.3067966203377093]}}