{
  "split": "train",
  "year_windows": 5270,
  "shard_id": 5,
  "n_shards": 32,
  "means_per_balance": {
    "water_balance": 12612736470879.89,
    "npp_balance": 0.7530424779574378,
    "nbp_balance": 1.1847926365695822,
    "carbon_partition": 1.8995657615010155,
    "nbp_delta_ctotal": 5682749488026.571,
    "all_on": 18295485964577.13
  },
  "mean_all_on": 18295485964577.13
}