{
  "split": "train",
  "year_windows": 1700,
  "shard_id": 85,
  "n_shards": 100,
  "means_per_balance": {
    "water_balance": 761.1885434678021,
    "npp_balance": 1.9730539003248236e-24,
    "nbp_balance": 2.0397210207250147e-14,
    "carbon_partition_december": 0.00019226769012354507,
    "nbp_delta_ctotal": 0.00024795040358987857,
    "all_on": 761.1889858111214
  },
  "mean_all_on": 761.1889858111214
}