{
  "split": "train",
  "year_windows": 1615,
  "shard_id": 50,
  "n_shards": 100,
  "means_per_balance": {
    "water_balance": 785.6840411773776,
    "npp_balance": 1.9872817184654334e-24,
    "nbp_balance": 1.8575570688359654e-14,
    "carbon_partition_december": 0.00015235479917768648,
    "nbp_delta_ctotal": 0.00023105693353922467,
    "all_on": 785.6844247162527
  },
  "mean_all_on": 785.6844247162527
}