{
  "split": "train",
  "year_windows": 1700,
  "shard_id": 81,
  "n_shards": 100,
  "means_per_balance": {
    "water_balance": 15.938802995120778,
    "npp_balance": 8.395061520247834e-13,
    "nbp_balance": 4.401951060080645e-08,
    "carbon_partition_december": 0.0089834852782352,
    "nbp_delta_ctotal": 0.00938778823844212,
    "all_on": 15.957174259073595
  },
  "mean_all_on": 15.957174259073595
}