{
  "model_info": "DistributedDataParallel(\n  (module): YearProcessor(\n    (inner): CustomTransformer(\n      (pre_conv): Sequential(\n        (0): Conv1d(70, 1024, kernel_size=(1,), stride=(1,))\n        (1): PReLU(num_parameters=1)\n        (2): Conv1d(1024, 384, kernel_size=(1,), stride=(1,))\n        (3): BatchNorm1d(384, eps=1e-05, momentum=0.1, affine=True, track_running_stats=True)\n      )\n      (pos_enc): PositionalEncoding(\n        (dropout): Dropout(p=0.1, inplace=False)\n      )\n      (transformer): TransformerEncoder(\n        (layers): ModuleList(\n          (0-3): 4 x TransformerEncoderLayer(\n            (self_attn): MultiheadAttention(\n              (out_proj): NonDynamicallyQuantizableLinear(in_features=128, out_features=128, bias=True)\n            )\n            (linear1): Linear(in_features=128, out_features=512, bias=True)\n            (dropout): Dropout(p=0.1, inplace=False)\n            (linear2): Linear(in_features=512, out_features=128, bias=True)\n            (norm1): LayerNorm((128,), eps=1e-05, elementwise_affine=True)\n            (norm2): LayerNorm((128,), eps=1e-05, elementwise_affine=True)\n            (dropout1): Dropout(p=0.1, inplace=False)\n            (dropout2): Dropout(p=0.1, inplace=False)\n          )\n        )\n      )\n      (post_conv): Sequential(\n        (0): Conv1d(128, 256, kernel_size=(1,), stride=(1,))\n        (1): PReLU(num_parameters=1)\n        (2): Conv1d(256, 15, kernel_size=(1,), stride=(1,))\n      )\n    )\n  )\n)",
  "train_loss": [
    37.088637351989746,
    25.561833381652832,
    24.669548988342285,
    14.372201442718506,
    20.623814582824707,
    9.005831241607666,
    10.848596096038818,
    11.500091552734375,
    7.936750650405884,
    8.080419063568115,
    7.62807297706604,
    6.4969587326049805,
    6.6972150802612305,
    6.2863616943359375,
    5.411065340042114,
    5.77056097984314,
    5.608451843261719,
    5.025157690048218,
    4.946699142456055,
    5.032675266265869,
    4.850456476211548,
    4.610467433929443,
    4.652926683425903,
    4.5811545848846436,
    4.4228901863098145,
    4.390859603881836,
    4.350464105606079,
    4.28788423538208,
    4.24312162399292,
    4.183756589889526
  ],
  "val_loss": [
    7.532676158054751,
    19.927148680115234,
    7.309269561907467,
    16.47864104138345,
    8.693834677004084,
    5.97562027318137,
    6.852506580021308,
    5.677101871371269,
    7.18304630571178,
    7.7513962589204315,
    6.253172048029243,
    5.582743543386459,
    5.01134405224299,
    4.503786075693004,
    5.377889483011499,
    6.113649321727607,
    5.526914019092005,
    4.781808288304173,
    4.6755405660186495,
    4.72957000677683,
    4.7843840552836046,
    4.93285879054848,
    4.7777339796022495,
    4.439327707156843,
    4.3678105999924695,
    4.50152943769888,
    4.711618634176498,
    4.831693354066537,
    4.682173239242057,
    4.471767336434247
  ],
  "val_loss_batches": [],
  "val_loss_steps": [],
  "batch_loss": [
    37.088637351989746,
    25.561833381652832,
    24.669548988342285,
    14.372201442718506,
    20.623814582824707,
    9.005831241607666,
    10.848596096038818,
    11.500091552734375,
    7.936750650405884,
    8.080419063568115,
    7.62807297706604,
    6.4969587326049805,
    6.6972150802612305,
    6.2863616943359375,
    5.411065340042114,
    5.77056097984314,
    5.608451843261719,
    5.025157690048218,
    4.946699142456055,
    5.032675266265869,
    4.850456476211548,
    4.610467433929443,
    4.652926683425903,
    4.5811545848846436,
    4.4228901863098145,
    4.390859603881836,
    4.350464105606079,
    4.28788423538208,
    4.24312162399292,
    4.183756589889526
  ],
  "batch_step": [
    0,
    1,
    2,
    3,
    4,
    5,
    6,
    7,
    8,
    9,
    10,
    11,
    12,
    13,
    14,
    15,
    16,
    17,
    18,
    19,
    20,
    21,
    22,
    23,
    24,
    25,
    26,
    27,
    28,
    29
  ],
  "epoch_edges": [
    0,
    1,
    2,
    3,
    4,
    5,
    6,
    7,
    8,
    9,
    10,
    11,
    12,
    13,
    14,
    15,
    16,
    17,
    18,
    19,
    20,
    21,
    22,
    23,
    24,
    25,
    26,
    27,
    28,
    29,
    30
  ],
  "samples_seen": 705600,
  "lr_values": [
    8.999999421943739e-05,
    8.999997687775117e-05,
    8.99999479749463e-05,
    8.999990751103103e-05,
    8.999985548601692e-05,
    8.999979189991883e-05,
    8.999971675275488e-05,
    8.999963004454654e-05,
    8.999953177531857e-05,
    8.999942194509901e-05,
    8.999930055391921e-05,
    8.999916760181383e-05,
    8.999902308882082e-05,
    8.999886701498143e-05,
    8.999869938034021e-05,
    8.999852018494503e-05,
    8.999832942884702e-05,
    8.999812711210066e-05,
    8.999791323476368e-05,
    8.999768779689713e-05,
    8.999745079856537e-05,
    8.999720223983607e-05,
    8.999694212078018e-05,
    8.999667044147194e-05,
    8.99963872019889e-05,
    8.999609240241192e-05,
    8.999578604282517e-05,
    8.999546812331608e-05,
    8.99951386439754e-05,
    8.999479760489721e-05,
    8.999444500617886e-05,
    8.999408084792097e-05,
    8.999370513022753e-05,
    8.999331785320576e-05,
    8.999291901696623e-05,
    8.999250862162281e-05,
    8.999208666729261e-05,
    8.99916531540961e-05,
    8.999120808215704e-05,
    8.999075145160248e-05,
    8.999028326256275e-05,
    8.998980351517152e-05,
    8.998931220956573e-05,
    8.998880934588563e-05,
    8.998829492427476e-05,
    8.998776894487998e-05,
    8.998723140785142e-05,
    8.998668231334253e-05,
    8.998612166151006e-05,
    8.998554945251407e-05,
    8.998496568651788e-05,
    8.998437036368812e-05,
    8.998376348419477e-05,
    8.998314504821103e-05,
    8.998251505591345e-05,
    8.998187350748189e-05,
    8.998122040309946e-05,
    8.998055574295261e-05,
    8.997987952723106e-05,
    8.997919175612786e-05
  ],
  "lr_steps": [
    0,
    1,
    2,
    3,
    4,
    5,
    6,
    7,
    8,
    9,
    10,
    11,
    12,
    13,
    14,
    15,
    16,
    17,
    18,
    19,
    20,
    21,
    22,
    23,
    24,
    25,
    26,
    27,
    28,
    29,
    30,
    31,
    32,
    33,
    34,
    35,
    36,
    37,
    38,
    39,
    40,
    41,
    42,
    43,
    44,
    45,
    46,
    47,
    48,
    49,
    50,
    51,
    52,
    53,
    54,
    55,
    56,
    57,
    58,
    59
  ],
  "mb_train": {
    "nbp_balance": [
      6.855069617622811e-13,
      6.372229497468812e-13,
      5.816992200763566e-13,
      5.303058559907045e-13,
      5.035218271655763e-13,
      5.001050233112946e-13,
      5.030346773417867e-13,
      5.00171981265775e-13,
      4.949001752570063e-13,
      4.851099355185806e-13,
      4.793850727621493e-13,
      4.762000171222363e-13,
      4.708443548516895e-13,
      4.714592584197487e-13,
      4.702499706567775e-13,
      4.691458632100315e-13,
      4.720004489455732e-13,
      4.765729657289124e-13,
      4.786679323173565e-13,
      4.786012284727602e-13,
      4.820506219196876e-13,
      4.823900703732997e-13,
      4.821765968947679e-13,
      4.869477005525909e-13,
      4.910169103586716e-13,
      4.952422918644023e-13,
      4.99953870281857e-13,
      5.030075511116509e-13,
      5.031896420194869e-13,
      5.078243521969782e-13
    ],