{
  "split": "train",
  "year_windows": 1700,
  "shard_id": 32,
  "n_shards": 100,
  "means_per_balance": {
    "water_balance": 15.982993988149307,
    "npp_balance": 8.135052593136959e-13,
    "nbp_balance": 4.500299662231722e-08,
    "carbon_partition_december": 0.007863133303437601,
    "nbp_delta_ctotal": 0.009146565581562327,
    "all_on": 16.00000368679271
  },
  "mean_all_on": 16.00000368679271
}