{
  "split": "train",
  "year_windows": 1700,
  "shard_id": 10,
  "n_shards": 100,
  "means_per_balance": {
    "water_balance": 15.771129174512975,
    "npp_balance": 8.024869181901147e-13,
    "nbp_balance": 4.1892829793924006e-08,
    "carbon_partition_december": 0.006852996384122354,
    "nbp_delta_ctotal": 0.008077269561917465,
    "all_on": 15.786059420529535
  },
  "mean_all_on": 15.786059420529535
}