{
  "model_info": "DistributedDataParallel(\n  (module): YearProcessor(\n    (inner): CustomTransformer(\n      (pre_conv): Sequential(\n        (0): Conv1d(70, 1024, kernel_size=(1,), stride=(1,))\n        (1): PReLU(num_parameters=1)\n        (2): Conv1d(1024, 384, kernel_size=(1,), stride=(1,))\n        (3): BatchNorm1d(384, eps=1e-05, momentum=0.1, affine=True, track_running_stats=True)\n      )\n      (pos_enc): PositionalEncoding(\n        (dropout): Dropout(p=0.1, inplace=False)\n      )\n      (transformer): TransformerEncoder(\n        (layers): ModuleList(\n          (0-3): 4 x TransformerEncoderLayer(\n            (self_attn): MultiheadAttention(\n              (out_proj): NonDynamicallyQuantizableLinear(in_features=128, out_features=128, bias=True)\n            )\n            (linear1): Linear(in_features=128, out_features=512, bias=True)\n            (dropout): Dropout(p=0.1, inplace=False)\n            (linear2): Linear(in_features=512, out_features=128, bias=True)\n            (norm1): LayerNorm((128,), eps=1e-05, elementwise_affine=True)\n            (norm2): LayerNorm((128,), eps=1e-05, elementwise_affine=True)\n            (dropout1): Dropout(p=0.1, inplace=False)\n            (dropout2): Dropout(p=0.1, inplace=False)\n          )\n        )\n      )\n      (post_conv): Sequential(\n        (0): Conv1d(128, 256, kernel_size=(1,), stride=(1,))\n        (1): PReLU(num_parameters=1)\n        (2): Conv1d(256, 15, kernel_size=(1,), stride=(1,))\n      )\n    )\n  )\n)",
  "train_loss": [
    1.3944469690322876,
    1.2087331414222717,
    1.088732749223709,
    1.0509352684020996,
    0.9964426755905151,
    0.9938565492630005,
    0.9466067254543304,
    0.9165688753128052,
    0.8932814002037048,
    0.8792016208171844,
    0.8566876649856567
  ],
  "val_loss": [
    0.684797138152454,
    0.78834493738238,
    0.9196801480057897,
    0.9179196817344245,
    0.9639147639046518,
    1.0018747268586743,
    1.0438640496959644,
    1.0375111991045427,
    1.0830193234550558,
    1.1961712887130527,
    1.2365322601753381
  ],
  "val_loss_batches": [],
  "val_loss_steps": [],
  "batch_loss": [
    1.3944469690322876,
    1.2087331414222717,
    1.088732749223709,
    1.0509352684020996,
    0.9964426755905151,
    0.9938565492630005,
    0.9466067254543304,
    0.9165688753128052,
    0.8932814002037048,
    0.8792016208171844,
    0.8566876649856567
  ],
  "batch_step": [
    0,
    1,
    2,
    3,
    4,
    5,
    6,
    7,
    8,
    9,
    10
  ],
  "epoch_edges": [
    0,
    1,
    2,
    3,
    4,
    5,
    6,
    7,
    8,
    9,
    10,
    11
  ],
  "samples_seen": 258720,
  "lr_values": [
    8.999999421943739e-05,
    8.999997687775117e-05,
    8.99999479749463e-05,
    8.999990751103103e-05,
    8.999985548601692e-05,
    8.999979189991883e-05,
    8.999971675275488e-05,
    8.999963004454654e-05,
    8.999953177531857e-05,
    8.999942194509901e-05,
    8.999930055391921e-05,
    8.999916760181383e-05,
    8.999902308882082e-05,
    8.999886701498143e-05,
    8.999869938034021e-05,
    8.999852018494503e-05,
    8.999832942884702e-05,
    8.999812711210066e-05,
    8.999791323476368e-05,
    8.999768779689713e-05,
    8.999745079856537e-05,
    8.999720223983607e-05
  ],
  "lr_steps": [
    0,
    1,
    2,
    3,
    4,
    5,
    6,
    7,
    8,
    9,
    10,
    11,
    12,
    13,
    14,
    15,
    16,
    17,
    18,
    19,
    20,
    21
  ],
  "mb_train": {
    "carbon_partition_december": [
      0.11522055566310882,
      0.09500486850738525,
      0.04857778549194336,
      0.0683166101574898,
      0.03606774359941483,
      0.04155159890651703,
      0.032851016521453856,
      0.03361343294382095,
      0.029522514343261717,
      0.028878767788410187,
      0.026325394958257677
    ],
    "nbp_balance": [
      6.917622577261068e-15,
      7.159466577328169e-15,
      7.550983628515709e-15,
      7.417651748771936e-15,
      7.217274458395906e-15,
      7.158308048014561e-15,
      7.27430709255867e-15,
      7.576536918468477e-15,
      7.923424015423425e-15,
      7.891249892438444e-15,
      7.682782802141425e-15
    ],
    "nbp_vs_delta_ctotal_monthly": [
      0.08102806210517884,
      0.0767246812582016,
      0.06404192447662353,
      0.06205454766750336,
      0.0585453063249588,
      0.05791606903076172,
      0.05534473657608032,
      0.05603293478488922,
      0.05391170978546143,
      0.0526629775762558,
      0.04964148104190828
    ],
    "npp_balance": [
      1.435145631952888e-19,
      1.3644522564881773e-19,
      1.3408611946651357e-19,
      1.3227766354057683e-19,
      1.3177947462962117e-19,
      1.3208553791861432e-19,
      1.3242011955169495e-19,
      1.3198166212825356e-19,
      1.303584946595287e-19,
      1.3018167187889842e-19,
      1.2842607150163412e-19
    ]
  },
  "mb_val": {
    "carbon_partition_december": [
      0.04463732835735812,
      0.03767766484624994,
      0.07078516007090072,
      0.031240912064479303,
      0.038340672680898864,
      0.02429943612700597,
      0.03368011793010002,
      0.024071068731212335,
      0.027978746076298164,
      0.02437023302196661,
      0.030989684481324033
    ],
    "nbp_balance": [
      1.0264791379336425e-14,
      1.0073569419420131e-14,
      1.0242464771928014e-14,
      1.0002871058702039e-14,
      9.191883201408147e-15,
      8.469255952408759e-15,
      7.809622938134374e-15,
      7.603567512137607e-15,
      7.666338080735004e-15,
      7.853730190779618e-15,
      7.741779444881838e-15
    ],
    "nbp_vs_delta_ctotal_monthly": [
      0.030947727031045945,
      0.029563757153037867,
      0.03747083585695079,
      0.030213587835516625,
      0.029156713219435536,
      0.029806965798833334,
      0.03359693655601644,
      0.028821462262611907,
      0.027735755791203385,
      0.029825635555732425,
      0.03188371445971769
    ],
    "npp_balance": [
      1.612593593772863e-19,
      1.5714247980933595e-19,
      1.5281684764328807e-19,
      1.5355173983598516e-19,
      1.553144390470648e-19,
      1.4783532336174385e-19,
      1.3972890760381285e-19,
      1.380999564065095e-19,
      1.389966358977744e-19,
      1.3883577719459223e-19,
      1.4101176965245838e-19
    ]
  }
}