{
  "split": "train",
  "year_windows": 1700,
  "shard_id": 74,
  "n_shards": 100,
  "means_per_balance": {
    "water_balance": 16.061752852271585,
    "npp_balance": 8.342400026694501e-13,
    "nbp_balance": 4.88132036401869e-08,
    "carbon_partition_december": 0.007963537609971622,
    "nbp_delta_ctotal": 0.009270882694708073,
    "all_on": 16.078987264072193
  },
  "mean_all_on": 16.078987264072193
}