{"Water Cycle": {"children": {"Total Soil Moisture Content": {"children": {"ENSMEAN": {"children": {}, "Spatial Distribution Score global": [-1.0, 1.0], "Spatial Distribution Score test": [-0.9999999999999987, 1.0000000000000013], "Seasonal Cycle Score global": [-0.9820618243056523, 0.9820618243056523], "Seasonal Cycle Score test": [-0.6877108839221158, 0.6877108839221158], "Bias Score global": [-1.0, 1.0], "Bias Score test": [-0.9999999999999998, 1.0000000000000002], "RMSE Score global": [0.4720884550261928, -0.4720884550261928], "RMSE Score test": [1.0, -1.0], "Overall Score global": [-1.0, 1.0], "Overall Score test": [-0.8567176662982068, 0.8567176662982068]}}, "Spatial Distribution Score global": [-1.0, 1.0], "Spatial Distribution Score test": [-0.9999999999999987, 1.0000000000000013], "Seasonal Cycle Score global": [-0.9820618243056523, 0.9820618243056523], "Seasonal Cycle Score test": [-0.6877108839221158, 0.6877108839221158], "Bias Score global": [-1.0, 1.0], "Bias Score test": [-0.9999999999999998, 1.0000000000000002], "RMSE Score global": [0.4720884550261928, -0.4720884550261928], "RMSE Score test": [1.0, -1.0], "Overall Score global": [-1.0, 1.0], "Overall Score test": [-0.8567176662982068, 0.8567176662982068]}}, "Spatial Distribution Score global": [-1.0, 1.0], "Spatial Distribution Score test": [-0.9999999999999987, 1.0000000000000013], "Seasonal Cycle Score global": [-0.9820618243056523, 0.9820618243056523], "Seasonal Cycle Score test": [-0.6877108839221158, 0.6877108839221158], "Bias Score global": [-1.0, 1.0], "Bias Score test": [-0.9999999999999998, 1.0000000000000002], "RMSE Score global": [0.4720884550261928, -0.4720884550261928], "RMSE Score test": [1.0, -1.0], "Overall Score global": [-1.0, 1.0], "Overall Score test": [-0.8567176662982068, 0.8567176662982068]}, "Carbon Stocks": {"children": {"Carbon in Vegetation": {"children": {"ENSMEAN": {"children": {}, "Spatial Distribution Score global": [-0.9999999999999991, 1.0000000000000009], "Spatial Distribution Score test": [-1.0, 1.0], "Seasonal Cycle Score global": [0.0, 0.0], "Seasonal Cycle Score test": [0.0, 0.0], "Bias Score global": [-1.0, 1.0], "Bias Score test": [-1.0, 1.0000000000000002], "RMSE Score global": [-1.2656542480726785e-14, 1.2656542480726785e-14], "RMSE Score test": [-7.549516567451064e-15, 7.438494264988549e-15], "Overall Score global": [-0.9999999999999976, 1.0000000000000024], "Overall Score test": [-1.0, 1.0]}}, "Spatial Distribution Score global": [-0.9999999999999991, 1.0000000000000009], "Spatial Distribution Score test": [-1.0, 1.0], "Seasonal Cycle Score global": [0.0, 0.0], "Seasonal Cycle Score test": [0.0, 0.0], "Bias Score global": [-1.0, 1.0], "Bias Score test": [-1.0, 1.0000000000000002], "RMSE Score global": [-1.2656542480726785e-14, 1.2656542480726785e-14], "RMSE Score test": [-7.549516567451064e-15, 7.438494264988549e-15], "Overall Score global": [-0.9999999999999976, 1.0000000000000024], "Overall Score test": [-1.0, 1.0]}, "Carbon in Soil Pool": {"children": {"ENSMEAN": {"children": {}, "Spatial Distribution Score global": [-1.0, 1.0], "Spatial Distribution Score test": [-1.0, 1.0], "Seasonal Cycle Score global": [0.0, 0.0], "Seasonal Cycle Score test": [0.0, 0.0], "Bias Score global": [-1.0, 1.0], "Bias Score test": [-0.9999999999999999, 1.0000000000000002], "RMSE Score global": [-6.328271240363392e-15, 6.328271240363392e-15], "RMSE Score test": [-5.440092820663267e-15, 5.440092820663267e-15], "Overall Score global": [-0.9999999999999982, 1.0000000000000018], "Overall Score test": [-1.0, 1.0]}}, "Spatial Distribution Score global": [-1.0, 1.0], "Spatial Distribution Score test": [-1.0, 1.0], "Seasonal Cycle Score global": [0.0, 0.0], "Seasonal Cycle Score test": [0.0, 0.0], "Bias Score global": [-1.0, 1.0], "Bias Score test": [-0.9999999999999999, 1.0000000000000002], "RMSE Score global": [-6.328271240363392e-15, 6.328271240363392e-15], "RMSE Score test": [-5.440092820663267e-15, 5.440092820663267e-15], "Overall Score global": [-0.9999999999999982, 1.0000000000000018], "Overall Score test": [-1.0, 1.0]}, "Carbon in Litter Pool": {"children": {"ENSMEAN": {"children": {}, "Spatial Distribution Score global": [-1.0, 1.0], "Spatial Distribution Score test": [-0.9999999999999999, 1.0], "Seasonal Cycle Score global": [0.0, 0.0], "Seasonal Cycle Score test": [0.0, 0.0], "Bias Score global": [-1.0, 1.0], "Bias Score test": [-1.0, 0.9999999999999998], "RMSE Score global": [-4.218847493575595e-15, 4.107825191113079e-15], "RMSE Score test": [-4.107825191113079e-15, 4.218847493575595e-15], "Overall Score global": [-1.0, 1.0], "Overall Score test": [-1.0000000000000004, 0.9999999999999994]}}, "Spatial Distribution Score global": [-1.0, 1.0], "Spatial Distribution Score test": [-0.9999999999999999, 1.0], "Seasonal Cycle Score global": [0.0, 0.0], "Seasonal Cycle Score test": [0.0, 0.0], "Bias Score global": [-1.0, 1.0], "Bias Score test": [-1.0, 0.9999999999999998], "RMSE Score global": [-4.218847493575595e-15, 4.107825191113079e-15], "RMSE Score test": [-4.107825191113079e-15, 4.218847493575595e-15], "Overall Score global": [-1.0, 1.0], "Overall Score test": [-1.0000000000000004, 0.9999999999999994]}, "Carbon in Ecosystem": {"children": {"ENSMEAN": {"children": {}, "Spatial Distribution Score global": [-1.0, 1.0], "Spatial Distribution Score test": [-0.9999999999999996, 1.0000000000000004], "Seasonal Cycle Score global": [0.4133375534819683, -0.41333755348196277], "Seasonal Cycle Score test": [1.000000000000001, -0.9999999999999988], "Bias Score global": [-1.0000000000000002, 1.0], "Bias Score test": [-1.0000000000000002, 1.0], "RMSE Score global": [0.1884831671996101, -0.1884831671996115], "RMSE Score test": [0.09232728089068609, -0.09232728089068332], "Overall Score global": [-0.9999999999999989, 1.000000000000001], "Overall Score test": [-1.0, 1.0]}}, "Spatial Distribution Score global": [-1.0, 1.0], "Spatial Distribution Score test": [-0.9999999999999996, 1.0000000000000004], "Seasonal Cycle Score global": [0.4133375534819683, -0.41333755348196277], "Seasonal Cycle Score test": [1.000000000000001, -0.9999999999999988], "Bias Score global": [-1.0000000000000002, 1.0], "Bias Score test": [-1.0000000000000002, 1.0], "RMSE Score global": [0.1884831671996101, -0.1884831671996115], "RMSE Score test": [0.09232728089068609, -0.09232728089068332], "Overall Score global": [-0.9999999999999989, 1.000000000000001], "Overall Score test": [-1.0, 1.0]}}, "Spatial Distribution Score global": [-0.9999999999999997, 1.0000000000000002], "Spatial Distribution Score test": [-1.0, 1.0], "Seasonal Cycle Score global": [0.10333438837049069, -0.10333438837049069], "Seasonal Cycle Score test": [0.288599970924841, -0.288599970924841], "Bias Score global": [-1.0, 1.0], "Bias Score test": [-0.9999999999999999, 1.0], "RMSE Score global": [0.04712079179961526, -0.04712079179961526], "RMSE Score test": [0.023081820222459193, -0.023081820222459193], "Overall Score global": [-1.000000000000001, 0.9999999999999988], "Overall Score test": [-1.0, 1.0]}, "Vegetation Structure": {"children": {"Leaf Area Index": {"children": {"ENSMEAN": {"children": {}, "Spatial Distribution Score global": [-1.0, 1.0], "Spatial Distribution Score test": [-1.0, 1.0], "Seasonal Cycle Score global": [-0.9999999999999977, 1.0000000000000022], "Seasonal Cycle Score test": [-0.9385754547945879, 0.9385754547945879], "Bias Score global": [-1.0, 1.0], "Bias Score test": [-1.0, 1.0000000000000002], "RMSE Score global": [-1.0, 1.0], "RMSE Score test": [-0.9999999999999984, 1.0000000000000016], "Overall Score global": [-1.0, 1.0], "Overall Score test": [-1.0, 1.0]}}, "Spatial Distribution Score global": [-1.0, 1.0], "Spatial Distribution Score test": [-1.0, 1.0], "Seasonal Cycle Score global": [-0.9999999999999977, 1.0000000000000022], "Seasonal Cycle Score test": [-0.9385754547945879, 0.9385754547945879], "Bias Score global": [-1.0, 1.0], "Bias Score test": [-1.0, 1.0000000000000002], "RMSE Score global": [-1.0, 1.0],