Variables,Base-Emulator,Stable-Emulator
Total Soil Moisture Content,0.635274924847165,0.6925656005253491
Carbon in Vegetation,0.7855925899461894,0.8305960049439325
Carbon in Soil Pool,0.7507818611350999,0.8139447697742448
Carbon in Litter Pool,0.6251524260875521,0.848264130716819
Carbon in Ecosystem,0.3702020026062028,0.41897937768917437
Leaf Area Index,0.6250477440536015,0.7494859027692229
