{
  "split": "train",
  "year_windows": 1700,
  "shard_id": 31,
  "n_shards": 100,
  "means_per_balance": {
    "water_balance": 15.722615297541898,
    "npp_balance": 8.108908076897512e-13,
    "nbp_balance": 5.0277689886968346e-08,
    "carbon_partition_december": 0.007923245843609466,
    "nbp_delta_ctotal": 0.008732559741748606,
    "all_on": 15.739271124671488
  },
  "mean_all_on": 15.739271124671488
}