{
  "split": "train",
  "year_windows": 1700,
  "shard_id": 39,
  "n_shards": 100,
  "means_per_balance": {
    "water_balance": 744.7868428488339,
    "npp_balance": 2.0450574223716267e-24,
    "nbp_balance": 2.345549987615715e-14,
    "carbon_partition_december": 0.00013787649559269673,
    "nbp_delta_ctotal": 0.0002161207035618752,
    "all_on": 744.7871962962431
  },
  "mean_all_on": 744.7871962962431
}