{
  "split": "train",
  "year_windows": 1615,
  "shard_id": 36,
  "n_shards": 100,
  "means_per_balance": {
    "water_balance": 763.5006638659781,
    "npp_balance": 2.06163463157975e-24,
    "nbp_balance": 2.0135255480724763e-14,
    "carbon_partition_december": 0.00014926333253366668,
    "nbp_delta_ctotal": 0.00022495281152735714,
    "all_on": 763.5010371819369
  },
  "mean_all_on": 763.5010371819369
}