{
  "split": "train",
  "year_windows": 1615,
  "shard_id": 22,
  "n_shards": 100,
  "means_per_balance": {
    "water_balance": 15.740683723898496,
    "npp_balance": 8.118741072980958e-13,
    "nbp_balance": 3.966492926033738e-08,
    "carbon_partition_december": 0.006933986453264491,
    "nbp_delta_ctotal": 0.00800431889969129,
    "all_on": 15.755622026425765
  },
  "mean_all_on": 15.755622026425765
}