{
  "split": "train",
  "year_windows": 1700,
  "shard_id": 48,
  "n_shards": 100,
  "means_per_balance": {
    "water_balance": 764.5950660436293,
    "npp_balance": 1.9687419569185927e-24,
    "nbp_balance": 2.117562615875501e-14,
    "carbon_partition_december": 0.00015003155369520434,
    "nbp_delta_ctotal": 0.00021592122080619448,
    "all_on": 764.5954310159123
  },
  "mean_all_on": 764.5954310159123
}