{
  "split": "train",
  "year_windows": 1615,
  "shard_id": 55,
  "n_shards": 100,
  "means_per_balance": {
    "water_balance": 15.980887375822746,
    "npp_balance": 8.069263750868987e-13,
    "nbp_balance": 4.4915730447789834e-08,
    "carbon_partition_december": 0.008271470497255632,
    "nbp_delta_ctotal": 0.009211496175800223,
    "all_on": 15.998370330621583
  },
  "mean_all_on": 15.998370330621583
}