{
  "split": "train",
  "year_windows": 5270,
  "shard_id": 10,
  "n_shards": 32,
  "means_per_balance": {
    "water_balance": 12693028074036.27,
    "npp_balance": 0.9455939342220097,
    "nbp_balance": 1.4859740780924484,
    "carbon_partition": 2.22343916490363,
    "nbp_delta_ctotal": 7328731853849.26,
    "all_on": 20021759939276.605
  },
  "mean_all_on": 20021759939276.605
}