{
  "split": "train",
  "year_windows": 1615,
  "shard_id": 66,
  "n_shards": 100,
  "means_per_balance": {
    "water_balance": 16.21825645434967,
    "npp_balance": 8.301132639624892e-13,
    "nbp_balance": 4.9618043124217116e-08,
    "carbon_partition_december": 0.00826461456554593,
    "nbp_delta_ctotal": 0.009487265140833132,
    "all_on": 16.23600835239186
  },
  "mean_all_on": 16.23600835239186
}