{
  "split": "train",
  "year_windows": 1615,
  "shard_id": 50,
  "n_shards": 100,
  "means_per_balance": {
    "water_balance": 16.07374076961364,
    "npp_balance": 8.236520330824181e-13,
    "nbp_balance": 4.3976365404385034e-08,
    "carbon_partition_december": 0.008134634641717093,
    "nbp_delta_ctotal": 0.009290206448489298,
    "all_on": 16.091165625273998
  },
  "mean_all_on": 16.091165625273998
}