{
  "split": "train",
  "year_windows": 1615,
  "shard_id": 72,
  "n_shards": 100,
  "means_per_balance": {
    "water_balance": 16.046926438181025,
    "npp_balance": 8.212905868763023e-13,
    "nbp_balance": 4.876521665237387e-08,
    "carbon_partition_december": 0.008312496435381588,
    "nbp_delta_ctotal": 0.009095446134833821,
    "all_on": 16.06433434855458
  },
  "mean_all_on": 16.06433434855458
}