{
  "split": "train",
  "year_windows": 1700,
  "shard_id": 78,
  "n_shards": 100,
  "means_per_balance": {
    "water_balance": 16.109599787768197,
    "npp_balance": 8.338241493048897e-13,
    "nbp_balance": 3.8280751728253187e-08,
    "carbon_partition_december": 0.009234666468246895,
    "nbp_delta_ctotal": 0.009716224553720915,
    "all_on": 16.12855068767772
  },
  "mean_all_on": 16.12855068767772
}