{
  "split": "train",
  "year_windows": 1615,
  "shard_id": 25,
  "n_shards": 100,
  "means_per_balance": {
    "water_balance": 743.3417101030379,
    "npp_balance": 1.9674097381406956e-24,
    "nbp_balance": 1.6077190653830218e-14,
    "carbon_partition_december": 0.00013894560956477256,
    "nbp_delta_ctotal": 0.00021701617510239637,
    "all_on": 743.3420666201565
  },
  "mean_all_on": 743.3420666201565
}