{
  "model_info": "DistributedDataParallel(\n  (module): YearProcessor(\n    (inner): CustomTransformer(\n      (pre_conv): Sequential(\n        (0): Conv1d(70, 1024, kernel_size=(1,), stride=(1,))\n        (1): PReLU(num_parameters=1)\n        (2): Conv1d(1024, 384, kernel_size=(1,), stride=(1,))\n        (3): BatchNorm1d(384, eps=1e-05, momentum=0.1, affine=True, track_running_stats=True)\n      )\n      (pos_enc): PositionalEncoding(\n        (dropout): Dropout(p=0.1, inplace=False)\n      )\n      (transformer): TransformerEncoder(\n        (layers): ModuleList(\n          (0-3): 4 x TransformerEncoderLayer(\n            (self_attn): MultiheadAttention(\n              (out_proj): NonDynamicallyQuantizableLinear(in_features=128, out_features=128, bias=True)\n            )\n            (linear1): Linear(in_features=128, out_features=512, bias=True)\n            (dropout): Dropout(p=0.1, inplace=False)\n            (linear2): Linear(in_features=512, out_features=128, bias=True)\n            (norm1): LayerNorm((128,), eps=1e-05, elementwise_affine=True)\n            (norm2): LayerNorm((128,), eps=1e-05, elementwise_affine=True)\n            (dropout1): Dropout(p=0.1, inplace=False)\n            (dropout2): Dropout(p=0.1, inplace=False)\n          )\n        )\n      )\n      (post_conv): Sequential(\n        (0): Conv1d(128, 256, kernel_size=(1,), stride=(1,))\n        (1): PReLU(num_parameters=1)\n        (2): Conv1d(256, 15, kernel_size=(1,), stride=(1,))\n      )\n    )\n  )\n)",
  "train_loss": [
    7.149860858917236,
    3.1578654050827026,
    2.832414984703064,
    2.6319371461868286,
    2.4647622108459473,
    2.367577910423279,
    2.2050795555114746,
    2.2283177375793457,
    2.1627918481826782,
    2.126816987991333,
    2.04451847076416,
    2.0072945952415466,
    1.9718250632286072,
    1.949493169784546,
    1.940881371498108,
    1.8965442180633545,
    1.8841326236724854,
    1.842811405658722,
    1.8299526572227478,
    1.8064521551132202,
    1.802434265613556,
    1.7733863592147827,
    1.7641207575798035,
    1.7470321655273438,
    1.737277865409851,
    1.727250099182129,
    1.7239724397659302,
    1.6919525265693665,
    1.6709353923797607,
    1.6736217141151428
  ],
  "val_loss": [
    8.131351742817431,
    5.342759750479338,
    3.9527379824798934,
    3.259536329565608,
    2.853439250345133,
    2.475603787023194,
    2.2508214861990847,
    2.1566848843985675,
    2.1962375060788224,
    2.0916800944400684,
    2.0927167205634167,
    2.136207855888167,
    2.130559571467492,
    2.0755402774074856,
    2.0716666400888744,
    2.105436702224673,
    2.065705855434038,
    2.055227699222005,
    2.075596727354794,
    2.0613634377870023,
    2.0232210730335543,
    2.0451880322883325,
    2.065743258382593,
    2.046313634339948,
    2.068593545014761,
    2.0820147035833525,
    2.0371213799228474,
    2.03270197206614,
    2.0375470573044554,
    2.0290007648343336
  ],
  "val_loss_batches": [],
  "val_loss_steps": [],
  "batch_loss": [
    7.149860858917236,
    3.1578654050827026,
    2.832414984703064,
    2.6319371461868286,
    2.4647622108459473,
    2.367577910423279,
    2.2050795555114746,
    2.2283177375793457,
    2.1627918481826782,
    2.126816987991333,
    2.04451847076416,
    2.0072945952415466,
    1.9718250632286072,
    1.949493169784546,
    1.940881371498108,
    1.8965442180633545,
    1.8841326236724854,
    1.842811405658722,
    1.8299526572227478,
    1.8064521551132202,
    1.802434265613556,
    1.7733863592147827,
    1.7641207575798035,
    1.7470321655273438,
    1.737277865409851,
    1.727250099182129,
    1.7239724397659302,
    1.6919525265693665,
    1.6709353923797607,
    1.6736217141151428
  ],
  "batch_step": [
    0,
    1,
    2,
    3,
    4,
    5,
    6,
    7,
    8,
    9,
    10,
    11,
    12,
    13,
    14,
    15,
    16,
    17,
    18,
    19,
    20,
    21,
    22,
    23,
    24,
    25,
    26,
    27,
    28,
    29
  ],
  "epoch_edges": [
    0,
    1,
    2,
    3,
    4,
    5,
    6,
    7,
    8,
    9,
    10,
    11,
    12,
    13,
    14,
    15,
    16,
    17,
    18,
    19,
    20,
    21,
    22,
    23,
    24,
    25,
    26,
    27,
    28,
    29,
    30
  ],
  "samples_seen": 705600,
  "lr_values": [
    8.999999421943739e-05,
    8.999997687775117e-05,
    8.99999479749463e-05,
    8.999990751103103e-05,
    8.999985548601692e-05,
    8.999979189991883e-05,
    8.999971675275488e-05,
    8.999963004454654e-05,
    8.999953177531857e-05,
    8.999942194509901e-05,
    8.999930055391921e-05,
    8.999916760181383e-05,
    8.999902308882082e-05,
    8.999886701498143e-05,
    8.999869938034021e-05,
    8.999852018494503e-05,
    8.999832942884702e-05,
    8.999812711210066e-05,
    8.999791323476368e-05,
    8.999768779689713e-05,
    8.999745079856537e-05,
    8.999720223983607e-05,
    8.999694212078018e-05,
    8.999667044147194e-05,
    8.99963872019889e-05,
    8.999609240241192e-05,
    8.999578604282517e-05,
    8.999546812331608e-05,
    8.99951386439754e-05,
    8.999479760489721e-05,
    8.999444500617886e-05,
    8.999408084792097e-05,
    8.999370513022753e-05,
    8.999331785320576e-05,
    8.999291901696623e-05,
    8.999250862162281e-05,
    8.999208666729261e-05,
    8.99916531540961e-05,
    8.999120808215704e-05,
    8.999075145160248e-05,
    8.999028326256275e-05,
    8.998980351517152e-05,
    8.998931220956573e-05,
    8.998880934588563e-05,
    8.998829492427476e-05,
    8.998776894487998e-05,
    8.998723140785142e-05,
    8.998668231334253e-05,
    8.998612166151006e-05,
    8.998554945251407e-05,
    8.998496568651788e-05,
    8.998437036368812e-05,
    8.998376348419477e-05,
    8.998314504821103e-05,
    8.998251505591345e-05,
    8.998187350748189e-05,
    8.998122040309946e-05,
    8.998055574295261e-05,
    8.997987952723106e-05,
    8.997919175612786e-05
  ],
  "lr_steps": [
    0,
    1,
    2,
    3,
    4,
    5,
    6,
    7,
    8,
    9,
    10,
    11,
    12,
    13,
    14,
    15,
    16,
    17,
    18,
    19,
    20,
    21,
    22,
    23,
    24,
    25,
    26,
    27,
    28,
    29,
    30,
    31,
    32,
    33,
    34,
    35,
    36,
    37,
    38,
    39,
    40,
    41,
    42,
    43,
    44,
    45,
    46,
    47,
    48,
    49,
    50,
    51,
    52,
    53,
    54,
    55,
    56,
    57,
    58,
    59
  ],
  "mb_train": {
    "npp_balance": [
      0.00014367512670700357,
      0.00018715187541210995,
      0.0002676499777737765,
      0.00027574334553154257,
      0.0002523585101749681,
      0.0002219602818231949,
      0.0001989564212998379,
      0.00019784600887566786,
      0.00019380666622472126,
      0.00019081020445574793,
      0.00019202296755602426,
      0.00020655431433303328,
      0.0002369796457745646,
      0.00025758038505974167,
      0.00024857281470404253,
      0.00021881949642437668,
      0.00018959417786946106,
      0.00017538716344075528,
      0.0001771777962094309,
      0.0001765368023205362,
      0.00016903188309572208,
      0.0001651877809187321,
      0.0001781845590254389,
      0.00019552937971028804,
      0.0001971313765252104,
      0.0001850395016968939,
      0.00016186967513844632,
      0.00014194068405884474,
      0.0001357759589850799,
      0.00013737400730504698
    ],