{
  "split": "train",
  "year_windows": 5185,
  "shard_id": 3,
  "n_shards": 32,
  "means_per_balance": {
    "water_balance": 12287548758716.309,
    "npp_balance": 0.7213027172171391,
    "nbp_balance": 1.1264823633081773,
    "carbon_partition": 2.086160900691666,
    "nbp_delta_ctotal": 5675758508944.021,
    "all_on": 17963307263110.098
  },
  "mean_all_on": 17963307263110.098
}