{
  "split": "train",
  "year_windows": 1700,
  "shard_id": 65,
  "n_shards": 100,
  "means_per_balance": {
    "water_balance": 753.646943844066,
    "npp_balance": 2.022378085556502e-24,
    "nbp_balance": 2.8745651771343565e-14,
    "carbon_partition_december": 0.0001524267636491191,
    "nbp_delta_ctotal": 0.0002236659034679178,
    "all_on": 753.6473201258042
  },
  "mean_all_on": 753.6473201258042
}