{
  "split": "train",
  "year_windows": 1615,
  "shard_id": 88,
  "n_shards": 100,
  "means_per_balance": {
    "water_balance": 766.4210614750629,
    "npp_balance": 2.058479324360976e-24,
    "nbp_balance": 2.0926779671123757e-14,
    "carbon_partition_december": 0.00019495229982803778,
    "nbp_delta_ctotal": 0.00024440592671521065,
    "all_on": 766.421499567652
  },
  "mean_all_on": 766.421499567652
}