{
  "split": "train",
  "year_windows": 1615,
  "shard_id": 61,
  "n_shards": 100,
  "means_per_balance": {
    "water_balance": 16.222935275027627,
    "npp_balance": 8.23656736304449e-13,
    "nbp_balance": 5.1884489251517504e-08,
    "carbon_partition_december": 0.008420853867792401,
    "nbp_delta_ctotal": 0.009528967636080903,
    "all_on": 16.240885107436046
  },
  "mean_all_on": 16.240885107436046
}