{
  "split": "train",
  "year_windows": 1615,
  "shard_id": 80,
  "n_shards": 100,
  "means_per_balance": {
    "water_balance": 16.04845467145229,
    "npp_balance": 8.25078420638228e-13,
    "nbp_balance": 3.719231198573425e-08,
    "carbon_partition_december": 0.008805093828346523,
    "nbp_delta_ctotal": 0.009534890877930649,
    "all_on": 16.066794640508597
  },
  "mean_all_on": 16.066794640508597
}