{
  "split": "train",
  "year_windows": 1700,
  "shard_id": 82,
  "n_shards": 100,
  "means_per_balance": {
    "water_balance": 772.0105488317153,
    "npp_balance": 2.0187970522313097e-24,
    "nbp_balance": 1.7953127057143147e-14,
    "carbon_partition_december": 0.00019655269051273695,
    "nbp_delta_ctotal": 0.0002587767188978272,
    "all_on": 772.0110062722599
  },
  "mean_all_on": 772.0110062722599
}