{
  "split": "train",
  "year_windows": 1700,
  "shard_id": 28,
  "n_shards": 100,
  "means_per_balance": {
    "water_balance": 732.4441328519933,
    "npp_balance": 1.9127913743056997e-24,
    "nbp_balance": 2.1100237980690993e-14,
    "carbon_partition_december": 0.00014930675384461852,
    "nbp_delta_ctotal": 0.00022040090810418513,
    "all_on": 732.4445034969555
  },
  "mean_all_on": 732.4445034969555
}