{
  "split": "train",
  "year_windows": 1700,
  "shard_id": 32,
  "n_shards": 100,
  "means_per_balance": {
    "water_balance": 729.0168610337201,
    "npp_balance": 1.950814306944768e-24,
    "nbp_balance": 2.0536653842014104e-14,
    "carbon_partition_december": 0.0001434995320125702,
    "nbp_delta_ctotal": 0.00022005025966791435,
    "all_on": 729.0172246237362
  },
  "mean_all_on": 729.0172246237362
}