{
  "split": "train",
  "year_windows": 1615,
  "shard_id": 69,
  "n_shards": 100,
  "means_per_balance": {
    "water_balance": 747.8013417341392,
    "npp_balance": 1.9902494272951217e-24,
    "nbp_balance": 2.638891530823567e-14,
    "carbon_partition_december": 0.00015951660280613282,
    "nbp_delta_ctotal": 0.00022039522317594245,
    "all_on": 747.8017219661559
  },
  "mean_all_on": 747.8017219661559
}