{
  "split": "train",
  "year_windows": 1700,
  "shard_id": 49,
  "n_shards": 100,
  "means_per_balance": {
    "water_balance": 710.8332029454848,
    "npp_balance": 2.058037059312485e-24,
    "nbp_balance": 1.9490405222938646e-14,
    "carbon_partition_december": 0.0001336652709163472,
    "nbp_delta_ctotal": 0.0002152453649272074,
    "all_on": 710.8335511690027
  },
  "mean_all_on": 710.8335511690027
}