{
  "split": "train",
  "year_windows": 1615,
  "shard_id": 86,
  "n_shards": 100,
  "means_per_balance": {
    "water_balance": 16.30018704181116,
    "npp_balance": 8.418194310036431e-13,
    "nbp_balance": 4.033414312443436e-08,
    "carbon_partition_december": 0.009039566270291989,
    "nbp_delta_ctotal": 0.009828843686718136,
    "all_on": 16.319055455092673
  },
  "mean_all_on": 16.319055455092673
}