{
  "split": "train",
  "year_windows": 1700,
  "shard_id": 24,
  "n_shards": 100,
  "means_per_balance": {
    "water_balance": 15.723806050805484,
    "npp_balance": 8.229914482428934e-13,
    "nbp_balance": 4.0532145105863586e-08,
    "carbon_partition_december": 0.006596799078123534,
    "nbp_delta_ctotal": 0.008101602417745572,
    "all_on": 15.738504446815043
  },
  "mean_all_on": 15.738504446815043
}