{
  "split": "train",
  "year_windows": 1615,
  "shard_id": 75,
  "n_shards": 100,
  "means_per_balance": {
    "water_balance": 16.141623060031574,
    "npp_balance": 8.449068518683295e-13,
    "nbp_balance": 3.592987579341121e-08,
    "carbon_partition_december": 0.008825062149299465,
    "nbp_delta_ctotal": 0.009604525598106277,
    "all_on": 16.160052629594833
  },
  "mean_all_on": 16.160052629594833
}