{
  "split": "train",
  "year_windows": 1700,
  "shard_id": 53,
  "n_shards": 100,
  "means_per_balance": {
    "water_balance": 768.0191533526253,
    "npp_balance": 1.9350219076762628e-24,
    "nbp_balance": 2.3997365611741954e-14,
    "carbon_partition_december": 0.00016349871460774652,
    "nbp_delta_ctotal": 0.00023479135031640694,
    "all_on": 768.0195523250804
  },
  "mean_all_on": 768.0195523250804
}