Variables,CLM40cn
Surface Upward SW Radiation,0.7572256191944531
Albedo,0.6015852789166838
