{
  "split": "train",
  "year_windows": 1615,
  "shard_id": 44,
  "n_shards": 100,
  "means_per_balance": {
    "water_balance": 712.0901556150832,
    "npp_balance": 1.9846283700348453e-24,
    "nbp_balance": 2.068437177126283e-14,
    "carbon_partition_december": 0.00014475846255889045,
    "nbp_delta_ctotal": 0.0002074965499914554,
    "all_on": 712.0905074081185
  },
  "mean_all_on": 712.0905074081185
}