{
  "split": "train",
  "year_windows": 5185,
  "shard_id": 6,
  "n_shards": 32,
  "means_per_balance": {
    "water_balance": 12795782028264.498,
    "npp_balance": 0.7452535257160147,
    "nbp_balance": 1.1504289087127237,
    "carbon_partition": 1.9288016406871313,
    "nbp_delta_ctotal": 5605051344211.49,
    "all_on": 18400833381424.78
  },
  "mean_all_on": 18400833381424.78
}