{
  "split": "train",
  "year_windows": 1700,
  "shard_id": 99,
  "n_shards": 100,
  "means_per_balance": {
    "water_balance": 763.6735129681756,
    "npp_balance": 2.0252177431686413e-24,
    "nbp_balance": 1.6898538994492865e-14,
    "carbon_partition_december": 0.00018030203853627695,
    "nbp_delta_ctotal": 0.0002513809544753338,
    "all_on": 763.6739444149242
  },
  "mean_all_on": 763.6739444149242
}