{
  "split": "train",
  "year_windows": 1700,
  "shard_id": 46,
  "n_shards": 100,
  "means_per_balance": {
    "water_balance": 686.5953300027286,
    "npp_balance": 2.148967846115911e-24,
    "nbp_balance": 2.2923677223195596e-14,
    "carbon_partition_december": 0.00014845039297891645,
    "nbp_delta_ctotal": 0.0002137846372823012,
    "all_on": 686.5956924258961
  },
  "mean_all_on": 686.5956924258961
}