{
  "split": "train",
  "year_windows": 1700,
  "shard_id": 17,
  "n_shards": 100,
  "means_per_balance": {
    "water_balance": 15.654367394166835,
    "npp_balance": 8.192911040158349e-13,
    "nbp_balance": 4.2073512176443726e-08,
    "carbon_partition_december": 0.006877960422185852,
    "nbp_delta_ctotal": 0.008127377613118904,
    "all_on": 15.669372735864975
  },
  "mean_all_on": 15.669372735864975
}