{
  "split": "train",
  "year_windows": 1615,
  "shard_id": 8,
  "n_shards": 100,
  "means_per_balance": {
    "water_balance": 796.579295911287,
    "npp_balance": 1.9217215248339337e-24,
    "nbp_balance": 1.4177473257546818e-14,
    "carbon_partition_december": 0.00011554285531368714,
    "nbp_delta_ctotal": 0.00017915729111804405,
    "all_on": 796.5795983282036
  },
  "mean_all_on": 796.5795983282036
}