{
  "split": "train",
  "year_windows": 1700,
  "shard_id": 12,
  "n_shards": 100,
  "means_per_balance": {
    "water_balance": 15.422755467470955,
    "npp_balance": 7.998815618425303e-13,
    "nbp_balance": 3.93814035034644e-08,
    "carbon_partition_december": 0.006534891352605294,
    "nbp_delta_ctotal": 0.007894930501523264,
    "all_on": 15.437185280182783
  },
  "mean_all_on": 15.437185280182783
}