{
  "split": "train",
  "year_windows": 1700,
  "shard_id": 45,
  "n_shards": 100,
  "means_per_balance": {
    "water_balance": 15.4710401170394,
    "npp_balance": 7.964437489443579e-13,
    "nbp_balance": 4.697922608004286e-08,
    "carbon_partition_december": 0.007831720238934983,
    "nbp_delta_ctotal": 0.008979856789879063,
    "all_on": 15.487851703868193
  },
  "mean_all_on": 15.487851703868193
}