{
  "split": "train",
  "year_windows": 1615,
  "shard_id": 8,
  "n_shards": 100,
  "means_per_balance": {
    "water_balance": 16.160989780248872,
    "npp_balance": 8.035838896527083e-13,
    "nbp_balance": 3.9462782969712366e-08,
    "carbon_partition_december": 0.0068155422307919974,
    "nbp_delta_ctotal": 0.00817221027104063,
    "all_on": 16.175977531527586
  },
  "mean_all_on": 16.175977531527586
}