{
  "split": "train",
  "year_windows": 1615,
  "shard_id": 94,
  "n_shards": 100,
  "means_per_balance": {
    "water_balance": 15.826146871608108,
    "npp_balance": 8.418868197407238e-13,
    "nbp_balance": 4.183379915337632e-08,
    "carbon_partition_december": 0.008874764947953055,
    "nbp_delta_ctotal": 0.009369825635497507,
    "all_on": 15.844391469689715
  },
  "mean_all_on": 15.844391469689715
}