{
  "split": "train",
  "year_windows": 1700,
  "shard_id": 37,
  "n_shards": 100,
  "means_per_balance": {
    "water_balance": 15.40096136934617,
    "npp_balance": 8.015212810189409e-13,
    "nbp_balance": 4.5331790234784236e-08,
    "carbon_partition_december": 0.007463667139904026,
    "nbp_delta_ctotal": 0.008689793369951931,
    "all_on": 15.4171148221633
  },
  "mean_all_on": 15.4171148221633
}