{
  "split": "train",
  "year_windows": 1615,
  "shard_id": 13,
  "n_shards": 100,
  "means_per_balance": {
    "water_balance": 15.917015850433256,
    "npp_balance": 8.201004187107739e-13,
    "nbp_balance": 4.267707216970407e-08,
    "carbon_partition_december": 0.006830960140208895,
    "nbp_delta_ctotal": 0.008203076840531162,
    "all_on": 15.932049899499852
  },
  "mean_all_on": 15.932049899499852
}