{
  "split": "train",
  "year_windows": 1700,
  "shard_id": 3,
  "n_shards": 100,
  "means_per_balance": {
    "water_balance": 15.708554682451137,
    "npp_balance": 7.999025716397818e-13,
    "nbp_balance": 3.9997781636834454e-08,
    "carbon_partition_december": 0.006992753351052456,
    "nbp_delta_ctotal": 0.008235393732183557,
    "all_on": 15.723782840616563
  },
  "mean_all_on": 15.723782840616563
}