{
  "split": "train",
  "year_windows": 1615,
  "shard_id": 80,
  "n_shards": 100,
  "means_per_balance": {
    "water_balance": 772.914705995731,
    "npp_balance": 1.939909580079169e-24,
    "nbp_balance": 1.5660047656406506e-14,
    "carbon_partition_december": 0.00019124988093918144,
    "nbp_delta_ctotal": 0.0002447362883674592,
    "all_on": 772.915140573602
  },
  "mean_all_on": 772.915140573602
}