{
  "split": "train",
  "year_windows": 5270,
  "shard_id": 23,
  "n_shards": 32,
  "means_per_balance": {
    "water_balance": 13537648916693.738,
    "npp_balance": 0.9584495318569314,
    "nbp_balance": 1.5988268688010083,
    "carbon_partition": 2.274569539213995,
    "nbp_delta_ctotal": 7825883868063.235,
    "all_on": 21363532766799.86
  },
  "mean_all_on": 21363532766799.86
}