{
  "split": "train",
  "year_windows": 1700,
  "shard_id": 35,
  "n_shards": 100,
  "means_per_balance": {
    "water_balance": 730.8218239997415,
    "npp_balance": 1.9040467366704847e-24,
    "nbp_balance": 2.2125639928915512e-14,
    "carbon_partition_december": 0.00014408339041812508,
    "nbp_delta_ctotal": 0.00021540888646781882,
    "all_on": 730.8221839994543
  },
  "mean_all_on": 730.8221839994543
}