Variables,CLASSIC,CLM,ELM,Ensemble-Mean,JSBACH,ORCHIDEE,SDGVM,Stable-Emulator,TL-Emulator,VISIT,VISIT-UT
Gross Primary Production,0.6731572202063103,0.6009498847733167,0.6081319122040016,0.722936362589674,0.6434232887958891,0.6800933299741714,0.7012281575055517,0.7199068851087753,0.7141941334209194,0.6513808363303634,0.6426748933072367
Net Ecosystem Exchange,0.4045095603154188,0.46148774093778233,0.45531528156600276,0.5294533275978914,0.4499136836222718,0.5593588961185507,0.5010881558729342,0.5261854344472802,0.5189361516031556,0.5158215010806118,0.5041502575060834
Ecosystem Respiration,0.6490280691650726,0.5685906352246756,0.6038674323113659,0.6927317061947724,0.6017818819853236,0.6755040053928358,0.6579682115199599,0.6876986691473821,0.6778315006379695,0.642155854531719,0.6273762190781051
Total Runoff,0.5693820470116255,0.5577072081491055,0.5817001205398201,0.5943101458114567,0.5522914074556665,0.5535258977730181,0.5573611578871182,0.5842305473921207,0.581376128111918,0.5504166275189148,0.5531277490896523
Evapotranspiration,0.7217002398740923,0.6920013828973174,0.6902820779602793,0.7427277347119338,0.6778364606593602,0.7253062063982151,0.699705088923625,0.7489004408769248,0.7454515473063753,0.6967944760599051,0.6955443747741641
Biomass,0.6967847160098273,0.6395408466471518,0.701456315883894,0.7005596652641188,0.6510526305939339,0.5801628457045478,0.6443400796404566,0.7025876220630044,0.7089186593698842,0.6643433800521746,0.6587280209598092
Carbon in Soil Pool,0.43774145910829365,0.2980265131786374,0.35371286244877836,0.4869229576015145,0.503683830738989,0.482165911488831,0.48731488009733354,0.4936034864348109,0.48776512143238104,0.43033547019683915,0.4607088084306788
Leaf Area Index,0.5638281340842969,0.46077860451230884,0.5235754239374745,0.5367928428813086,0.592778314937181,0.5861783843894637,0.5090205021477177,0.5511005140737321,0.6892273011108112,0.3967787220806093,0.39157532908650355
