{
  "split": "train",
  "year_windows": 5185,
  "shard_id": 9,
  "n_shards": 32,
  "means_per_balance": {
    "water_balance": 12431976053415.77,
    "npp_balance": 0.9270481293893481,
    "nbp_balance": 1.3871319772652284,
    "carbon_partition": 2.2130112711925745,
    "nbp_delta_ctotal": 7223859935978.128,
    "all_on": 19655835986815.434
  },
  "mean_all_on": 19655835986815.434
}