{
  "split": "train",
  "year_windows": 5185,
  "shard_id": 20,
  "n_shards": 32,
  "means_per_balance": {
    "water_balance": 13283806017334.162,
    "npp_balance": 0.9599319915072553,
    "nbp_balance": 1.7690983612948927,
    "carbon_partition": 2.232152447245275,
    "nbp_delta_ctotal": 7789501461849.02,
    "all_on": 21073307479082.066
  },
  "mean_all_on": 21073307479082.066
}