{
  "split": "train",
  "year_windows": 1615,
  "shard_id": 11,
  "n_shards": 100,
  "means_per_balance": {
    "water_balance": 766.0226679468302,
    "npp_balance": 2.011643347073013e-24,
    "nbp_balance": 1.5708557153247213e-14,
    "carbon_partition_december": 0.00012015146544610796,
    "nbp_delta_ctotal": 0.00018687108231545498,
    "all_on": 766.0229790371639
  },
  "mean_all_on": 766.0229790371639
}