Variables,Emu_S1,Emu_S2,TR_S1
Heterotrophic Respiration,0.8082969351268098,0.8082969351268098,0.9494067899624827
