{
  "split": "train",
  "year_windows": 5185,
  "shard_id": 25,
  "n_shards": 32,
  "means_per_balance": {
    "water_balance": 13036160207090.916,
    "npp_balance": 0.9142638360292955,
    "nbp_balance": 5.587026760088444,
    "carbon_partition": 1.8970547287305504,
    "nbp_delta_ctotal": 7949214240827.248,
    "all_on": 20985374460355.47
  },
  "mean_all_on": 20985374460355.47
}