{
  "split": "train",
  "year_windows": 1615,
  "shard_id": 19,
  "n_shards": 100,
  "means_per_balance": {
    "water_balance": 714.4125187640589,
    "npp_balance": 1.975944190241476e-24,
    "nbp_balance": 1.5863160193836346e-14,
    "carbon_partition_december": 0.00011846212695976978,
    "nbp_delta_ctotal": 0.00017302136222367684,
    "all_on": 714.4128148696002
  },
  "mean_all_on": 714.4128148696002
}