{
  "split": "train",
  "year_windows": 1700,
  "shard_id": 81,
  "n_shards": 100,
  "means_per_balance": {
    "water_balance": 758.3263300458123,
    "npp_balance": 2.004713571970528e-24,
    "nbp_balance": 2.2822672199400673e-14,
    "carbon_partition_december": 0.00019502476068309453,
    "nbp_delta_ctotal": 0.0002380225324561573,
    "all_on": 758.3267637724035
  },
  "mean_all_on": 758.3267637724035
}