{
  "split": "train",
  "year_windows": 1615,
  "shard_id": 97,
  "n_shards": 100,
  "means_per_balance": {
    "water_balance": 16.11544173686497,
    "npp_balance": 8.387633931260885e-13,
    "nbp_balance": 4.101117624515983e-08,
    "carbon_partition_december": 0.008979705009528728,
    "nbp_delta_ctotal": 0.009431561386795144,
    "all_on": 16.133852992338294
  },
  "mean_all_on": 16.133852992338294
}