{
  "split": "train",
  "year_windows": 1615,
  "shard_id": 0,
  "n_shards": 100,
  "means_per_balance": {
    "water_balance": 745.7006760352167,
    "npp_balance": 1.953859397622631e-24,
    "nbp_balance": 1.2384728963827593e-14,
    "carbon_partition_december": 0.00011249342599008578,
    "nbp_delta_ctotal": 0.0001810871537802914,
    "all_on": 745.700970666844
  },
  "mean_all_on": 745.700970666844
}