{
  "split": "train",
  "year_windows": 5185,
  "shard_id": 30,
  "n_shards": 32,
  "means_per_balance": {
    "water_balance": 13372078076780.078,
    "npp_balance": 0.9270191224124875,
    "nbp_balance": 5.690793996307866,
    "carbon_partition": 1.957649622198011,
    "nbp_delta_ctotal": 7972231980851.792,
    "all_on": 21344310051767.125
  },
  "mean_all_on": 21344310051767.125
}