{
  "split": "train",
  "year_windows": 1700,
  "shard_id": 21,
  "n_shards": 100,
  "means_per_balance": {
    "water_balance": 15.508466552846572,
    "npp_balance": 8.194159692203059e-13,
    "nbp_balance": 4.390048263946302e-08,
    "carbon_partition_december": 0.0069295077738078205,
    "nbp_delta_ctotal": 0.008095885283751962,
    "all_on": 15.523491925071268
  },
  "mean_all_on": 15.523491925071268
}