{
  "split": "train",
  "year_windows": 1615,
  "shard_id": 88,
  "n_shards": 100,
  "means_per_balance": {
    "water_balance": 16.243172231030538,
    "npp_balance": 8.526820450172834e-13,
    "nbp_balance": 4.312741556461527e-08,
    "carbon_partition_december": 0.00889948024573064,
    "nbp_delta_ctotal": 0.009641936519139967,
    "all_on": 16.261713677515555
  },
  "mean_all_on": 16.261713677515555
}