{
  "split": "train",
  "year_windows": 1700,
  "shard_id": 29,
  "n_shards": 100,
  "means_per_balance": {
    "water_balance": 735.0740958359662,
    "npp_balance": 1.986504858686778e-24,
    "nbp_balance": 1.8025726343104864e-14,
    "carbon_partition_december": 0.00014150760649713715,
    "nbp_delta_ctotal": 0.00020796320795745809,
    "all_on": 735.0744468060661
  },
  "mean_all_on": 735.0744468060661
}