{
  "split": "train",
  "per_balance_stats_from_residuals": {
    "water_balance": {
      "count": 4057900,
      "mean": 0.03487518653018874,
      "std": 1.3762043605981051,
      "mean_abs": 1.021373921371386,
      "mse": 1.8951547207647568
    },
    "npp_balance": {
      "count": 4426800,
      "mean": -0.06557959138109909,
      "std": 0.8638229760470949,
      "mean_abs": 0.7557456733738591,
      "mse": 0.7504908167525715
    },
    "nbp_balance": {
      "count": 4426800,
      "mean": -0.2216711983034528,
      "std": 1.065410983496725,
      "mean_abs": 0.7839494472857919,
      "mse": 1.1842386839127492
    },
    "nbp_vs_delta_ctotal_monthly": {
      "count": 4057900,
      "mean": 0.0155255349997959,
      "std": 0.9060207887588196,
      "mean_abs": 0.622166926839813,
      "mse": 0.8211147119001845
    },
    "carbon_partition_december": {
      "count": 368900,
      "mean": 0.0897809218876873,
      "std": 1.3715954280160172,
      "mean_abs": 1.225223170601079,
      "mse": 1.8893346320894449
    }
  },
  "overall_mean_penalty_weighted": null,
  "per_balance_mean_penalty_weighted": {
    "water_balance": null,
    "npp_balance": null,
    "nbp_balance": null,
    "nbp_vs_delta_ctotal_monthly": null,
    "carbon_partition_december": null
  },
  "total_series_is_true_per_window_total": false
}