{
  "split": "train",
  "year_windows": 5185,
  "shard_id": 1,
  "n_shards": 32,
  "means_per_balance": {
    "water_balance": 12477567586508.602,
    "npp_balance": 0.7379368871364207,
    "nbp_balance": 1.1015316952734813,
    "carbon_partition": 1.8835244416730728,
    "nbp_delta_ctotal": 5596561063370.381,
    "all_on": 18074128644469.26
  },
  "mean_all_on": 18074128644469.26
}