{
  "split": "train",
  "year_windows": 5185,
  "shard_id": 27,
  "n_shards": 32,
  "means_per_balance": {
    "water_balance": 12842916274601.004,
    "npp_balance": 0.889147653000334,
    "nbp_balance": 5.571198819550392,
    "carbon_partition": 2.088277154235509,
    "nbp_delta_ctotal": 8073177154607.201,
    "all_on": 20916093423950.156
  },
  "mean_all_on": 20916093423950.156
}