{
  "split": "train",
  "year_windows": 5185,
  "shard_id": 11,
  "n_shards": 32,
  "means_per_balance": {
    "water_balance": 12239838724636.34,
    "npp_balance": 0.9009703501096227,
    "nbp_balance": 1.40664621067369,
    "carbon_partition": 2.400459121899067,
    "nbp_delta_ctotal": 7334472798343.085,
    "all_on": 19574311509884.863
  },
  "mean_all_on": 19574311509884.863
}