{
  "split": "train",
  "year_windows": 1615,
  "shard_id": 41,
  "n_shards": 100,
  "means_per_balance": {
    "water_balance": 737.4392221173266,
    "npp_balance": 1.9650609451543054e-24,
    "nbp_balance": 2.0716248051993563e-14,
    "carbon_partition_december": 0.00014434309914436382,
    "nbp_delta_ctotal": 0.00022194595588839703,
    "all_on": 737.4395890841174
  },
  "mean_all_on": 737.4395890841174
}