{
  "model_info": "DistributedDataParallel(\n  (module): YearProcessor(\n    (inner): CustomTransformer(\n      (pre_conv): Sequential(\n        (0): Conv1d(70, 1024, kernel_size=(1,), stride=(1,))\n        (1): PReLU(num_parameters=1)\n        (2): Conv1d(1024, 384, kernel_size=(1,), stride=(1,))\n        (3): BatchNorm1d(384, eps=1e-05, momentum=0.1, affine=True, track_running_stats=True)\n      )\n      (pos_enc): PositionalEncoding(\n        (dropout): Dropout(p=0.1, inplace=False)\n      )\n      (transformer): TransformerEncoder(\n        (layers): ModuleList(\n          (0-3): 4 x TransformerEncoderLayer(\n            (self_attn): MultiheadAttention(\n              (out_proj): NonDynamicallyQuantizableLinear(in_features=128, out_features=128, bias=True)\n            )\n            (linear1): Linear(in_features=128, out_features=512, bias=True)\n            (dropout): Dropout(p=0.1, inplace=False)\n            (linear2): Linear(in_features=512, out_features=128, bias=True)\n            (norm1): LayerNorm((128,), eps=1e-05, elementwise_affine=True)\n            (norm2): LayerNorm((128,), eps=1e-05, elementwise_affine=True)\n            (dropout1): Dropout(p=0.1, inplace=False)\n            (dropout2): Dropout(p=0.1, inplace=False)\n          )\n        )\n      )\n      (post_conv): Sequential(\n        (0): Conv1d(128, 256, kernel_size=(1,), stride=(1,))\n        (1): PReLU(num_parameters=1)\n        (2): Conv1d(256, 15, kernel_size=(1,), stride=(1,))\n      )\n    )\n  )\n)",
  "train_loss": [
    13.050034046173096,
    9.509861707687378,
    8.770439386367798,
    6.3618996143341064,
    7.018666982650757,
    4.903005599975586,
    5.080468416213989,
    5.056277513504028,
    4.159703612327576,
    4.146393060684204,
    4.165186405181885,
    3.810876488685608,
    3.636802911758423,
    3.6799732446670532,
    3.4956716299057007,
    3.3862656354904175,
    3.3657922744750977,
    3.2627612352371216,
    3.1530548334121704,
    3.1111867427825928,
    3.1158745288848877,
    3.019883871078491,
    3.0168075561523438,
    2.948115348815918,
    2.912004590034485,
    2.889449715614319,
    2.866728901863098,
    2.8315024375915527,
    2.7851898670196533,
    2.7645894289016724
  ],
  "val_loss": [
    3.9745918988421254,
    5.373729913734964,
    4.0691641541920145,
    5.42723168431192,
    3.798784225829402,
    3.1977940858930958,
    3.397466261091889,
    3.23753427034434,
    3.652686996286621,
    3.997303602996529,
    3.6190994922299775,
    3.2448306730207133,
    3.1558998144402794,
    3.1048558078250106,
    3.206505475573394,
    3.4144532766269178,
    3.4165475366066915,
    3.248318661810184,
    3.12772764022253,
    3.085236133057244,
    3.083951963757982,
    3.1237274375192974,
    3.141460944316825,
    3.0964284666946957,
    3.035678734280625,
    2.989148753212423,
    2.982758160209169,
    3.009191667060463,
    3.007610227198017,
    2.984699628121999
  ],
  "val_loss_batches": [],
  "val_loss_steps": [],
  "batch_loss": [
    13.050034046173096,
    9.509861707687378,
    8.770439386367798,
    6.3618996143341064,
    7.018666982650757,
    4.903005599975586,
    5.080468416213989,
    5.056277513504028,
    4.159703612327576,
    4.146393060684204,
    4.165186405181885,
    3.810876488685608,
    3.636802911758423,
    3.6799732446670532,
    3.4956716299057007,
    3.3862656354904175,
    3.3657922744750977,
    3.2627612352371216,
    3.1530548334121704,
    3.1111867427825928,
    3.1158745288848877,
    3.019883871078491,
    3.0168075561523438,
    2.948115348815918,
    2.912004590034485,
    2.889449715614319,
    2.866728901863098,
    2.8315024375915527,
    2.7851898670196533,
    2.7645894289016724
  ],
  "batch_step": [
    0,
    1,
    2,
    3,
    4,
    5,
    6,
    7,
    8,
    9,
    10,
    11,
    12,
    13,
    14,
    15,
    16,
    17,
    18,
    19,
    20,
    21,
    22,
    23,
    24,
    25,
    26,
    27,
    28,
    29
  ],
  "epoch_edges": [
    0,
    1,
    2,
    3,
    4,
    5,
    6,
    7,
    8,
    9,
    10,
    11,
    12,
    13,
    14,
    15,
    16,
    17,
    18,
    19,
    20,
    21,
    22,
    23,
    24,
    25,
    26,
    27,
    28,
    29,
    30
  ],
  "samples_seen": 705600,
  "lr_values": [
    8.999999421943739e-05,
    8.999997687775117e-05,
    8.99999479749463e-05,
    8.999990751103103e-05,
    8.999985548601692e-05,
    8.999979189991883e-05,
    8.999971675275488e-05,
    8.999963004454654e-05,
    8.999953177531857e-05,
    8.999942194509901e-05,
    8.999930055391921e-05,
    8.999916760181383e-05,
    8.999902308882082e-05,
    8.999886701498143e-05,
    8.999869938034021e-05,
    8.999852018494503e-05,
    8.999832942884702e-05,
    8.999812711210066e-05,
    8.999791323476368e-05,
    8.999768779689713e-05,
    8.999745079856537e-05,
    8.999720223983607e-05,
    8.999694212078018e-05,
    8.999667044147194e-05,
    8.99963872019889e-05,
    8.999609240241192e-05,
    8.999578604282517e-05,
    8.999546812331608e-05,
    8.99951386439754e-05,
    8.999479760489721e-05,
    8.999444500617886e-05,
    8.999408084792097e-05,
    8.999370513022753e-05,
    8.999331785320576e-05,
    8.999291901696623e-05,
    8.999250862162281e-05,
    8.999208666729261e-05,
    8.99916531540961e-05,
    8.999120808215704e-05,
    8.999075145160248e-05,
    8.999028326256275e-05,
    8.998980351517152e-05,
    8.998931220956573e-05,
    8.998880934588563e-05,
    8.998829492427476e-05,
    8.998776894487998e-05,
    8.998723140785142e-05,
    8.998668231334253e-05,
    8.998612166151006e-05,
    8.998554945251407e-05,
    8.998496568651788e-05,
    8.998437036368812e-05,
    8.998376348419477e-05,
    8.998314504821103e-05,
    8.998251505591345e-05,
    8.998187350748189e-05,
    8.998122040309946e-05,
    8.998055574295261e-05,
    8.997987952723106e-05,
    8.997919175612786e-05
  ],
  "lr_steps": [
    0,
    1,
    2,
    3,
    4,
    5,
    6,
    7,
    8,
    9,
    10,
    11,
    12,
    13,
    14,
    15,
    16,
    17,
    18,
    19,
    20,
    21,
    22,
    23,
    24,
    25,
    26,
    27,
    28,
    29,
    30,
    31,
    32,
    33,
    34,
    35,
    36,
    37,
    38,
    39,
    40,
    41,
    42,
    43,
    44,
    45,
    46,
    47,
    48,
    49,
    50,
    51,
    52,
    53,
    54,
    55,
    56,
    57,
    58,
    59
  ],
  "mb_train": {
    "nbp_vs_delta_ctotal_monthly": [
      9.999923706054688,
      7.176045179367065,
      6.419763267040253,
      4.504288583993912,
      4.783836156129837,
      3.219272643327713,
      3.2132871448993683,
      3.1573712825775146,
      2.468543127179146,
      2.3675429075956345,
      2.3449306935071945,
      2.0868153870105743,
      1.8880022317171097,
      1.9073797762393951,
      1.810135394334793,
      1.722043976187706,
      1.661434844136238,
      1.616300642490387,
      1.5486659109592438,
      1.507497876882553,
      1.5181729197502136,
      1.4569786190986633,
      1.4701907336711884,
      1.4147956669330597,
      1.3988423347473145,
      1.3823603093624115,
      1.3654345273971558,
      1.348799243569374,
      1.3261646777391434,
      1.3041229546070099
    ],