{
  "model_info": "DistributedDataParallel(\n  (module): YearProcessor(\n    (inner): CustomTransformer(\n      (pre_conv): Sequential(\n        (0): Conv1d(70, 1024, kernel_size=(1,), stride=(1,))\n        (1): PReLU(num_parameters=1)\n        (2): Conv1d(1024, 384, kernel_size=(1,), stride=(1,))\n        (3): BatchNorm1d(384, eps=1e-05, momentum=0.1, affine=True, track_running_stats=True)\n      )\n      (pos_enc): PositionalEncoding(\n        (dropout): Dropout(p=0.1, inplace=False)\n      )\n      (transformer): TransformerEncoder(\n        (layers): ModuleList(\n          (0-3): 4 x TransformerEncoderLayer(\n            (self_attn): MultiheadAttention(\n              (out_proj): NonDynamicallyQuantizableLinear(in_features=128, out_features=128, bias=True)\n            )\n            (linear1): Linear(in_features=128, out_features=512, bias=True)\n            (dropout): Dropout(p=0.1, inplace=False)\n            (linear2): Linear(in_features=512, out_features=128, bias=True)\n            (norm1): LayerNorm((128,), eps=1e-05, elementwise_affine=True)\n            (norm2): LayerNorm((128,), eps=1e-05, elementwise_affine=True)\n            (dropout1): Dropout(p=0.1, inplace=False)\n            (dropout2): Dropout(p=0.1, inplace=False)\n          )\n        )\n      )\n      (post_conv): Sequential(\n        (0): Conv1d(128, 256, kernel_size=(1,), stride=(1,))\n        (1): PReLU(num_parameters=1)\n        (2): Conv1d(256, 15, kernel_size=(1,), stride=(1,))\n      )\n    )\n  )\n)",
  "train_loss": [
    1401.8804473876953,
    954.7445068359375,
    895.68798828125,
    516.5567626953125,
    742.2610473632812,
    273.4676513671875,
    364.8908233642578,
    367.45726013183594,
    233.60806274414062,
    247.575439453125,
    216.0511016845703,
    173.23011779785156,
    186.93458557128906,
    165.7651596069336,
    131.6976547241211,
    146.38916778564453,
    137.58170318603516,
    117.38305282592773,
    115.49467086791992,
    117.25191497802734,
    110.4891128540039,
    101.85975646972656,
    102.0306396484375,
    100.86231231689453,
    94.61636734008789,
    92.65125274658203,
    91.00343704223633,
    88.85039138793945,
    87.93449401855469,
    86.07965087890625
  ],
  "val_loss": [
    257.1881585164946,
    758.7986379195232,
    246.73988296207116,
    607.8422828323987,
    279.6489907702621,
    188.12625651846128,
    207.9974658618168,
    162.6290325164795,
    230.80084794248853,
    238.92386979351238,
    175.19074543398253,
    151.04836099585708,
    122.31251161682363,
    100.64748042529943,
    135.5775654228366,
    161.24889470922705,
    140.21115587657812,
    112.98901881052524,
    106.32855657655365,
    108.18372116478122,
    107.61105908398726,
    108.45175853700054,
    102.28573155597765,
    89.00451176726088,
    84.69688556461918,
    90.20123766928303,
    96.72379704312402,
    99.85273999316352,
    95.97284201748518,
    87.99970830958716
  ],
  "val_loss_batches": [],
  "val_loss_steps": [],
  "batch_loss": [
    1401.8804473876953,
    954.7445068359375,
    895.68798828125,
    516.5567626953125,
    742.2610473632812,
    273.4676513671875,
    364.8908233642578,
    367.45726013183594,
    233.60806274414062,
    247.575439453125,
    216.0511016845703,
    173.23011779785156,
    186.93458557128906,
    165.7651596069336,
    131.6976547241211,
    146.38916778564453,
    137.58170318603516,
    117.38305282592773,
    115.49467086791992,
    117.25191497802734,
    110.4891128540039,
    101.85975646972656,
    102.0306396484375,
    100.86231231689453,
    94.61636734008789,
    92.65125274658203,
    91.00343704223633,
    88.85039138793945,
    87.93449401855469,
    86.07965087890625
  ],
  "batch_step": [
    0,
    1,
    2,
    3,
    4,
    5,
    6,
    7,
    8,
    9,
    10,
    11,
    12,
    13,
    14,
    15,
    16,
    17,
    18,
    19,
    20,
    21,
    22,
    23,
    24,
    25,
    26,
    27,
    28,
    29
  ],
  "epoch_edges": [
    0,
    1,
    2,
    3,
    4,
    5,
    6,
    7,
    8,
    9,
    10,
    11,
    12,
    13,
    14,
    15,
    16,
    17,
    18,
    19,
    20,
    21,
    22,
    23,
    24,
    25,
    26,
    27,
    28,
    29,
    30
  ],
  "samples_seen": 705600,
  "lr_values": [
    8.999999421943739e-05,
    8.999997687775117e-05,
    8.99999479749463e-05,
    8.999990751103103e-05,
    8.999985548601692e-05,
    8.999979189991883e-05,
    8.999971675275488e-05,
    8.999963004454654e-05,
    8.999953177531857e-05,
    8.999942194509901e-05,
    8.999930055391921e-05,
    8.999916760181383e-05,
    8.999902308882082e-05,
    8.999886701498143e-05,
    8.999869938034021e-05,
    8.999852018494503e-05,
    8.999832942884702e-05,
    8.999812711210066e-05,
    8.999791323476368e-05,
    8.999768779689713e-05,
    8.999745079856537e-05,
    8.999720223983607e-05,
    8.999694212078018e-05,
    8.999667044147194e-05,
    8.99963872019889e-05,
    8.999609240241192e-05,
    8.999578604282517e-05,
    8.999546812331608e-05,
    8.99951386439754e-05,
    8.999479760489721e-05,
    8.999444500617886e-05,
    8.999408084792097e-05,
    8.999370513022753e-05,
    8.999331785320576e-05,
    8.999291901696623e-05,
    8.999250862162281e-05,
    8.999208666729261e-05,
    8.99916531540961e-05,
    8.999120808215704e-05,
    8.999075145160248e-05,
    8.999028326256275e-05,
    8.998980351517152e-05,
    8.998931220956573e-05,
    8.998880934588563e-05,
    8.998829492427476e-05,
    8.998776894487998e-05,
    8.998723140785142e-05,
    8.998668231334253e-05,
    8.998612166151006e-05,
    8.998554945251407e-05,
    8.998496568651788e-05,
    8.998437036368812e-05,
    8.998376348419477e-05,
    8.998314504821103e-05,
    8.998251505591345e-05,
    8.998187350748189e-05,
    8.998122040309946e-05,
    8.998055574295261e-05,
    8.997987952723106e-05,
    8.997919175612786e-05
  ],
  "lr_steps": [
    0,
    1,
    2,
    3,
    4,
    5,
    6,
    7,
    8,
    9,
    10,
    11,
    12,
    13,
    14,
    15,
    16,
    17,
    18,
    19,
    20,
    21,
    22,
    23,
    24,
    25,
    26,
    27,
    28,
    29,
    30,
    31,
    32,
    33,
    34,
    35,
    36,
    37,
    38,
    39,
    40,
    41,
    42,
    43,
    44,
    45,
    46,
    47,
    48,
    49,
    50,
    51,
    52,
    53,
    54,
    55,
    56,
    57,
    58,
    59
  ],
  "mb_train": {
    "carbon_partition_december": [
      1103.2075152397156,
      715.9606018066406,
      686.4122414588928,
      355.2528805732727,
      570.3944406509399,
      149.76478815078735,
      240.6511573791504,
      247.32278323173523,
      130.86523747444153,
      148.9991934299469,
      124.99166965484619,
      88.28658127784729,
      104.96567165851593,
      86.12511885166168,
      56.98153603076935,
      72.62757468223572,
      66.97603261470795,
      50.018744587898254,
      50.60477238893509,
      53.95033621788025,
      47.68913984298706,
      41.428347408771515,
      40.94455522298813,
      42.376129031181335,
      37.283391416072845,
      36.73244047164917,
      35.65356642007828,
      34.295841336250305,
      34.27802449464798,
      33.451532900333405
    ],