{
  "split": "train",
  "year_windows": 1700,
  "shard_id": 7,
  "n_shards": 100,
  "means_per_balance": {
    "water_balance": 16.00604380495408,
    "npp_balance": 8.102110247900501e-13,
    "nbp_balance": 3.900666746779828e-08,
    "carbon_partition_december": 0.006915687203325112,
    "nbp_delta_ctotal": 0.008324856608832145,
    "all_on": 16.021284355836755
  },
  "mean_all_on": 16.021284355836755
}