{
  "split": "train",
  "year_windows": 1700,
  "shard_id": 34,
  "n_shards": 100,
  "means_per_balance": {
    "water_balance": 15.728902622671688,
    "npp_balance": 8.038143261704214e-13,
    "nbp_balance": 4.5052713338290074e-08,
    "carbon_partition_december": 0.007857883318929988,
    "nbp_delta_ctotal": 0.00890264398226624,
    "all_on": 15.745663111069623
  },
  "mean_all_on": 15.745663111069623
}