{
  "split": "train",
  "year_windows": 1615,
  "shard_id": 13,
  "n_shards": 100,
  "means_per_balance": {
    "water_balance": 733.9270553919553,
    "npp_balance": 2.003928127510763e-24,
    "nbp_balance": 1.6233786627300962e-14,
    "carbon_partition_december": 0.00011831304299147387,
    "nbp_delta_ctotal": 0.00017839059225195622,
    "all_on": 733.9273578655609
  },
  "mean_all_on": 733.9273578655609
}