{
  "split": "train",
  "year_windows": 1700,
  "shard_id": 48,
  "n_shards": 100,
  "means_per_balance": {
    "water_balance": 16.027814869600185,
    "npp_balance": 8.246468667943147e-13,
    "nbp_balance": 4.698531345430765e-08,
    "carbon_partition_december": 0.007997732082217494,
    "nbp_delta_ctotal": 0.009040866645929568,
    "all_on": 16.044853476356057
  },
  "mean_all_on": 16.044853476356057
}