{
  "split": "train",
  "year_windows": 1700,
  "shard_id": 53,
  "n_shards": 100,
  "means_per_balance": {
    "water_balance": 16.03598204500535,
    "npp_balance": 8.142528687852172e-13,
    "nbp_balance": 4.7995435865121796e-08,
    "carbon_partition_december": 0.008359638257500003,
    "nbp_delta_ctotal": 0.00937028317767031,
    "all_on": 16.05371195456561
  },
  "mean_all_on": 16.05371195456561
}