{"Carbon Cycle": {"children": {"Heterotrophic Respiration": {"children": {"ENSMEAN": {"children": {}, "Spatial Distribution Score global": [-0.03840845948772653, -0.03840845948772653, 0.07681691897545306], "Spatial Distribution Score train": [-0.029350211665574166, -0.029350211665574166, 0.05870042333114278], "Seasonal Cycle Score global": [-0.7071067811865467, -0.7071067811865467, 1.4142135623730958], "Seasonal Cycle Score train": [-0.7071067811865467, -0.7071067811865467, 1.4142135623730958], "Bias Score global": [-0.7071067811865475, -0.7071067811865475, 1.414213562373095], "Bias Score train": [-0.7071067811865479, -0.7071067811865479, 1.4142135623730947], "RMSE Score global": [-0.7071067811865476, -0.7071067811865476, 1.4142135623730951], "RMSE Score train": [-0.7071067811865468, -0.7071067811865468, 1.414213562373096], "Overall Score global": [-0.7071067811865458, -0.7071067811865458, 1.4142135623730967], "Overall Score train": [-0.7071067811865475, -0.7071067811865475, 1.414213562373095]}}, "Spatial Distribution Score global": [-0.03840845948772653, -0.03840845948772653, 0.07681691897545306], "Spatial Distribution Score train": [-0.029350211665574166, -0.029350211665574166, 0.05870042333114278], "Seasonal Cycle Score global": [-0.7071067811865467, -0.7071067811865467, 1.4142135623730958], "Seasonal Cycle Score train": [-0.7071067811865467, -0.7071067811865467, 1.4142135623730958], "Bias Score global": [-0.7071067811865475, -0.7071067811865475, 1.414213562373095], "Bias Score train": [-0.7071067811865479, -0.7071067811865479, 1.4142135623730947], "RMSE Score global": [-0.7071067811865476, -0.7071067811865476, 1.4142135623730951], "RMSE Score train": [-0.7071067811865468, -0.7071067811865468, 1.414213562373096], "Overall Score global": [-0.7071067811865458, -0.7071067811865458, 1.4142135623730967], "Overall Score train": [-0.7071067811865475, -0.7071067811865475, 1.414213562373095]}}, "Spatial Distribution Score global": [-0.03840845948772653, -0.03840845948772653, 0.07681691897545306], "Spatial Distribution Score train": [-0.029350211665574166, -0.029350211665574166, 0.05870042333114278], "Seasonal Cycle Score global": [-0.7071067811865467, -0.7071067811865467, 1.4142135623730958], "Seasonal Cycle Score train": [-0.7071067811865467, -0.7071067811865467, 1.4142135623730958], "Bias Score global": [-0.7071067811865475, -0.7071067811865475, 1.414213562373095], "Bias Score train": [-0.7071067811865479, -0.7071067811865479, 1.4142135623730947], "RMSE Score global": [-0.7071067811865476, -0.7071067811865476, 1.4142135623730951], "RMSE Score train": [-0.7071067811865468, -0.7071067811865468, 1.414213562373096], "Overall Score global": [-0.7071067811865458, -0.7071067811865458, 1.4142135623730967], "Overall Score train": [-0.7071067811865475, -0.7071067811865475, 1.414213562373095]}}