{
  "evapotrans": {
    "mean": 1.407046498867859e-05,
    "std": 1.4151553885248184e-05,
    "count": 190189440,
    "sum": 2676.0538567363874,
    "sumsq": 0.07574189128024583
  }
}