{
  "wetnoy": {
    "mean": 3.1620312093986667e-12,
    "std": 4.487166676698434e-12,
    "count": 190189440,
    "sum": 0.0006013849449780552,
    "sumsq": 5.7309985848297264e-15
  }
}