{
  "fertl_c4per": {
    "mean": 1.639498649776983,
    "std": 14.262559863445889,
    "count": 15849120,
    "sum": 25984610.840153378,
    "sumsq": 3266639453.902501
  }
}