{
  "rndwd": {
    "mean": 0.3410500045474552,
    "std": 0.24386225252122615,
    "count": 15849120,
    "sum": 5405342.448073164,
    "sumsq": 2786020.1854983964
  }
}