{
  "c3ann": {
    "mean": 0.050902871546313316,
    "std": 0.12166688893324666,
    "count": 15849120,
    "sum": 806765.7194821053,
    "sumsq": 275678.5503184429
  }
}