{
  "urban": {
    "mean": 0.001047243556158954,
    "std": 0.008443111021360437,
    "count": 15849120,
    "sum": 16597.88879079,
    "sumsq": 1147.2043612395619
  }
}