{
  "spfh_rolling_mean": {
    "mean": 0.00662637212137902,
    "std": 0.00446230656622925,
    "count": 15849120,
    "sum": 105022.16691639065,
    "sumsq": 1011.506487535832
  }
}