{
  "fertl_c3nfx": {
    "mean": 1.1838603426865766,
    "std": 9.67643769325943,
    "count": 15849120,
    "sum": 18763144.634480674,
    "sumsq": 1506220671.3437748
  }
}