{
  "cVeg": {
    "mean": 3.871579267204685,
    "std": 5.318259305878717,
    "count": 15849120,
    "sum": 61361124.39543912,
    "sumsq": 685839097.6119149
  }
}