{
  "primn": {
    "mean": 0.35293778674428217,
    "std": 0.3769177944304462,
    "count": 15849120,
    "sum": 5593753.334644537,
    "sumsq": 4225884.229111231
  }
}