{
  "cTotal_monthly": {
    "mean": 17.320373593443136,
    "std": 15.568592870764498,
    "count": 190189440,
    "sum": 3294152154.327738,
    "sumsq": 103154268614.51796
  }
}