{
  "pres": {
    "mean": 93834.13314445062,
    "std": 7840.426583295887,
    "count": 5784928800,
    "sum": 542823779250367.0,
    "sumsq": 5.129101159123742e+19
  }
}