{
  "cSoil": {
    "mean": 12.714475476582242,
    "std": 13.60335635709367,
    "count": 15849120,
    "sum": 201513247.56540915,
    "sumsq": 5495035570.451744
  }
}