{
  "fertl_c3per": {
    "mean": 3.5434961269501755,
    "std": 21.744191750050163,
    "count": 15849120,
    "sum": 56161295.33556856,
    "sumsq": 7692627776.393963
  }
}