{
  "soil_depth": {
    "mean": 3.707496002083108,
    "std": 2.407512125933379,
    "count": 15849120,
    "sum": 58760549.03653543,
    "sumsq": 309717817.04106605
  }
}