{
  "nfer_pas_nh4": {
    "mean": 0.19503730182811946,
    "std": 1.4674546407517477,
    "count": 15849120,
    "sum": 3091169.6011500848,
    "sumsq": 34732754.86037535
  }
}