{
  "nbp": {
    "mean": 1.9533049578655647e-10,
    "std": 7.1848759319557205e-09,
    "count": 190189440,
    "sum": 0.037149797608567535,
    "sumsq": 9.825299853770938e-09
  }
}