{
  "tmax": {
    "mean": 286.40490389564246,
    "std": 17.27550862178535,
    "count": 5784928800,
    "sum": 1656831977007.1343,
    "sumsq": 476251275798047.75
  }
}