{
  "c3per": {
    "mean": 0.002941908251532841,
    "std": 0.01181764837746263,
    "count": 15849120,
    "sum": 46626.65690753418,
    "sumsq": 2350.6089374995936
  }
}