{
  "split": "train",
  "year_windows": 1615,
  "shard_id": 30,
  "n_shards": 100,
  "means_per_balance": {
    "water_balance": 15.750485349956312,
    "npp_balance": 7.957911458552123e-13,
    "nbp_balance": 4.320642060792084e-08,
    "carbon_partition_december": 0.007954078231110662,
    "nbp_delta_ctotal": 0.008908230934764947,
    "all_on": 15.767347652329011
  },
  "mean_all_on": 15.767347652329011
}