{
  "split": "train",
  "year_windows": 1700,
  "shard_id": 74,
  "n_shards": 100,
  "means_per_balance": {
    "water_balance": 756.9711765064912,
    "npp_balance": 2.00555450088574e-24,
    "nbp_balance": 2.428152557423424e-14,
    "carbon_partition_december": 0.00014735758700279642,
    "nbp_delta_ctotal": 0.00023004733330761904,
    "all_on": 756.9715543859145
  },
  "mean_all_on": 756.9715543859145
}