{
  "split": "train",
  "year_windows": 1615,
  "shard_id": 91,
  "n_shards": 100,
  "means_per_balance": {
    "water_balance": 16.283774010389582,
    "npp_balance": 8.456656326384747e-13,
    "nbp_balance": 4.146937940423493e-08,
    "carbon_partition_december": 0.009060867486561968,
    "nbp_delta_ctotal": 0.009878644994503296,
    "all_on": 16.302713499275892
  },
  "mean_all_on": 16.302713499275892
}