{
  "split": "train",
  "year_windows": 5270,
  "shard_id": 31,
  "n_shards": 32,
  "means_per_balance": {
    "water_balance": 13575903103831.73,
    "npp_balance": 0.9420474814735282,
    "nbp_balance": 5.568039146399363,
    "carbon_partition": 1.991769663206314,
    "nbp_delta_ctotal": 8000102816918.394,
    "all_on": 21576005921844.465
  },
  "mean_all_on": 21576005921844.465
}