{
  "split": "train",
  "year_windows": 1615,
  "shard_id": 16,
  "n_shards": 100,
  "means_per_balance": {
    "water_balance": 740.2077047342117,
    "npp_balance": 1.971073642607556e-24,
    "nbp_balance": 1.608734066261801e-14,
    "carbon_partition_december": 0.00011775574424827037,
    "nbp_delta_ctotal": 0.0001850899069241303,
    "all_on": 740.2080069243723
  },
  "mean_all_on": 740.2080069243723
}