{
  "split": "train",
  "year_windows": 5185,
  "shard_id": 17,
  "n_shards": 32,
  "means_per_balance": {
    "water_balance": 13000287167378.787,
    "npp_balance": 0.9307903723983434,
    "nbp_balance": 1.5671411980888308,
    "carbon_partition": 2.1777455350357173,
    "nbp_delta_ctotal": 7762410081013.978,
    "all_on": 20762697224529.316
  },
  "mean_all_on": 20762697224529.316
}