{
  "split": "train",
  "year_windows": 1700,
  "shard_id": 1,
  "n_shards": 100,
  "means_per_balance": {
    "water_balance": 16.14905725927914,
    "npp_balance": 8.174961929376622e-13,
    "nbp_balance": 3.9497795617189225e-08,
    "carbon_partition_december": 0.006968972074580105,
    "nbp_delta_ctotal": 0.008378225320621449,
    "all_on": 16.164404443292057
  },
  "mean_all_on": 16.164404443292057
}