{
  "pre": {
    "mean": 2.1009257596233083e-05,
    "std": 6.226442736547096e-05,
    "count": 5784928800,
    "sum": 121537.05933506753,
    "sumsq": 24.980756178847138
  },
  "pres": {
    "mean": 93834.13314445062,
    "std": 7840.426583295887,
    "count": 5784928800,
    "sum": 542823779250367.0,
    "sumsq": 5.129101159123742e+19
  },
  "fd": {
    "mean": 0.46896638131632,
    "std": 0.20640792875094083,
    "count": 5784928800,
    "sum": 2712937125.5085616,
    "sumsq": 1518738761.2685573
  },
  "cld": {
    "mean": 50.736858953775766,
    "std": 31.371540019652805,
    "count": 5784928800,
    "sum": 293509116583.2353,
    "sumsq": 20585104408315.145
  },
  "potential_radiation": {
    "mean": 27793.390143786477,
    "std": 12415.439777094942,
    "count": 5784928800,
    "sum": 160782783092426.53,
    "sumsq": 5.360405736907106e+18
  },
  "drynhx": {
    "mean": 2.4765787900703854e-12,
    "std": 4.373700397415586e-12,
    "count": 190189440,
    "sum": 0.0004710191331993642,
    "sumsq": 4.804698322704716e-15
  },
  "drynoy": {
    "mean": 1.6004832383501992e-12,
    "std": 2.529630421734009e-12,
    "count": 190189440,
    "sum": 0.00030439501083121093,
    "sumsq": 1.7042070583361617e-15
  },
  "wetnhx": {
    "mean": 3.050468082579794e-12,
    "std": 5.500320733830975e-12,
    "count": 190189440,
    "sum": 0.0005801668163637248,
    "sumsq": 7.523681937519023e-15
  },
  "wetnoy": {
    "mean": 3.1620312093986667e-12,
    "std": 4.487166676698434e-12,
    "count": 190189440,
    "sum": 0.0006013849449780552,
    "sumsq": 5.7309985848297264e-15
  },
  "nfer_crop_nh4": {
    "mean": 0.8058762945088175,
    "std": 2.5031345623148704,
    "count": 15849120,
    "sum": 12772430.096825588,
    "sumsq": 109598554.63490795
  },
  "nfer_crop_no3": {
    "mean": 0.1951797299547509,
    "std": 0.6314485131257683,
    "count": 15849120,
    "sum": 3093426.9616204416,
    "sumsq": 6923249.870996648
  },
  "nfer_pas_nh4": {
    "mean": 0.19503730182811946,
    "std": 1.4674546407517477,
    "count": 15849120,
    "sum": 3091169.6011500848,
    "sumsq": 34732754.86037535
  },
  "tmp": {
    "mean": 282.87293294379145,
    "std": 17.57265171847395,
    "count": 5784928800,
    "sum": 1636399776527.008,
    "sumsq": 464679579209838.44
  },
  "nfer_pas_no3": {
    "mean": 0.07380298714223796,
    "std": 1.1030219759264277,
    "count": 15849120,
    "sum": 1169712.3995757864,
    "sumsq": 19369278.658723913
  },
  "elevation": {
    "mean": 682.7079922181833,
    "std": 775.273251333137,
    "count": 15849120,
    "sum": 10820320893.625053,
    "sumsq": 16913211165250.25
  },
  "soil_depth": {
    "mean": 3.707496002083108,
    "std": 2.407512125933379,
    "count": 15849120,
    "sum": 58760549.03653543,
    "sumsq": 309717817.04106605
  },
  "soil_porosity": {
    "mean": 0.44377177000374624,
    "std": 0.05819313467944989,
    "count": 15849120,
    "sum": 7033392.035401775,
    "sumsq": 3174892.94125504
  },
  "pore_size_index": {
    "mean": 0.26076559656858256,
    "std": 0.09874068498725508,
    "count": 15849120,
    "sum": 4132905.2318870528,
    "sumsq": 1232244.026115591
  },
  "orography_std_dev": {
    "mean": 77.99636157231016,
    "std": 91.2557314161689,
    "count": 15849120,
    "sum": 1236173694.1229324,
    "sumsq": 228402317100.85052
  },
  "fertl_c3ann": {
    "mean": 3.927448415039196,
    "std": 18.714642687999323,
    "count": 15849120,
    "sum": 62246601.22376602,
    "sumsq": 5795432043.399892
  },
  "irrig_c3ann": {
    "mean": 0.022427184314775188,
    "std": 0.09957745945508976,
    "count": 15849120,
    "sum": 355451.1354669897,
    "sumsq": 165126.41867978577
  },
  "crpbf_c3ann": {
    "mean": 0.0,
    "std": 0.0,
    "count": 15849120,
    "sum": 0.0,
    "sumsq": 0.0
  },
  "fertl_c4ann": {
    "mean": 4.097673918303218,
    "std": 21.97039531313104,
    "count": 15849120,
    "sum": 64944525.6520579,
    "sumsq": 7916464297.33494
  },
  "spfh": {
    "mean": 0.00660356230155514,
    "std": 0.005388361760950224,
    "count": 5784928800,
    "sum": 38201137.74086061,
    "sumsq": 420225.7754806052
  },
  "irrig_c4ann": {
    "mean": 0.022427184314775188,
    "std": 0.09957745945508976,
    "count": 15849120,
    "sum": 355451.1354669897,
    "sumsq": 165126.41867978577
  },
  "crpbf_c4ann": {
    "mean": 0.0007292905567702836,
    "std": 0.013046570140569917,
    "count": 15849120,
    "sum": 11558.613549119036,
    "sumsq": 2706.155730337436
  },
  "fertl_c3per": {
    "mean": 3.5434961269501755,
    "std": 21.744191750050163,
    "count": 15849120,
    "sum": 56161295.33556856,
    "sumsq": 7692627776.393963
  },
  "irrig_c3per": {
    "mean": 0.022427184314775188,
    "std": 0.09957745945508976,
    "count": 15849120,
    "sum": 355451.1354669897,
    "sumsq": 165126.41867978577
  },
  "crpbf_c3per": {
    "mean": 0.0,
    "std": 0.0,
    "count": 15849120,
    "sum": 0.0,
    "sumsq": 0.0
  },
  "fertl_c4per": {
    "mean": 1.639498649776983,
    "std": 14.262559863445889,
    "count": 15849120,
    "sum": 25984610.840153378,
    "sumsq": 3266639453.902501
  },
  "irrig_c4per": {
    "mean": 0.022427184314775188,
    "std": 0.09957745945508976,
    "count": 15849120,
    "sum": 355451.1354669897,
    "sumsq": 165126.41867978577
  },
  "crpbf_c4per": {
    "mean": 0.0010163651245295121,
    "std": 0.027028407456112468,
    "count": 15849120,
    "sum": 16108.492822483182,
    "sumsq": 11594.705972057178
  },
  "fertl_c3nfx": {
    "mean": 1.1838603426865766,
    "std": 9.67643769325943,
    "count": 15849120,
    "sum": 18763144.634480674,
    "sumsq": 1506220671.3437748
  },
  "irrig_c3nfx": {
    "mean": 0.022427184314775188,
    "std": 0.09957745945508976,
    "count": 15849120,
    "sum": 355451.1354669897,
    "sumsq": 165126.41867978577
  },
  "ugrd": {
    "mean": 0.04484729892458431,
    "std": 2.2036994992582155,
    "count": 5784928800,
    "sum": 259438431.15103683,
    "sumsq": 28104935574.254574
  },
  "crpbf_c3nfx": {
    "mean": 0.000990364967908779,
    "std": 0.014529146999676551,
    "count": 15849120,
    "sum": 15696.413220182387,
    "sumsq": 3361.2327969266853
  },
  "fharv_c3per": {
    "mean": 0.10000000149011612,
    "std": 0.0,
    "count": 15849120,
    "sum": 1584912.0236170292,
    "sumsq": 158491.20472340586
  },
  "fharv_c4per": {
    "mean": 0.8999999761581421,
    "std": 1.0536712127723509e-08,
    "count": 15849120,
    "sum": 14264207.622127533,
    "sumsq": 12837786.51982957
  },
  "flood": {
    "mean": 0.022579538418312336,
    "std": 0.11588393879974151,
    "count": 15849120,
    "sum": 357865.8139364424,
    "sumsq": 220919.6605546938
  },
  "rndwd": {
    "mean": 0.3410500045474552,
    "std": 0.24386225252122615,
    "count": 15849120,
    "sum": 5405342.448073164,
    "sumsq": 2786020.1854983964
  },
  "fulwd": {
    "mean": 0.6589499954240069,
    "std": 0.24386225241822532,
    "count": 15849120,
    "sum": 10443777.551474536,
    "sumsq": 7824455.287959786
  },
  "combf": {
    "mean": 0.0,
    "std": 0.0,
    "count": 15849120,
    "sum": 0.0,
    "sumsq": 0.0
  },
  "crpbf_total": {
    "mean": 0.0,
    "std": 0.0,
    "count": 15849120,
    "sum": 0.0,
    "sumsq": 0.0
  },
  "primf": {
    "mean": 0.2601216106828807,
    "std": 0.3901987027623198,
    "count": 15849120,
    "sum": 4122698.622306258,
    "sumsq": 3485511.2096228222
  },
  "primn": {
    "mean": 0.35293778674428217,
    "std": 0.3769177944304462,
    "count": 15849120,
    "sum": 5593753.334644537,
    "sumsq": 4225884.229111231
  },
  "vgrd": {
    "mean": -0.011996280820083994,
    "std": 2.1369954337017565,
    "count": 5784928800,
    "sum": -69397630.40899152,
    "sumsq": 26419153123.884987
  },
  "secdf": {
    "mean": 0.06977523437303085,
    "std": 0.1813827930838101,
    "count": 15849120,
    "sum": 1105876.0626062907,
    "sumsq": 598594.3340904824
  },
  "secdn": {
    "mean": 0.07681404391351604,
    "std": 0.18355070004203292,
    "count": 15849120,
    "sum": 1217434.9996705854,