{
  "split": "train",
  "year_windows": 1615,
  "shard_id": 38,
  "n_shards": 100,
  "means_per_balance": {
    "water_balance": 731.3127315556671,
    "npp_balance": 2.007644466194309e-24,
    "nbp_balance": 2.0612388465564744e-14,
    "carbon_partition_december": 0.00014442217200134893,
    "nbp_delta_ctotal": 0.00021407802859732113,
    "all_on": 731.3130884129197
  },
  "mean_all_on": 731.3130884129197
}