{"Carbon Cycle": {"children": {"Gross Primary Production": {"children": {"ENSMEAN": {"children": {}, "Spatial Distribution Score global": [0.12933866734792243, 0.21899326867718671, -999.0, -0.3483319360251258, -999.0], "Spatial Distribution Score train": [0.1455526451264677, 0.21889008318048409, -999.0, -0.3644427283069407, -999.0], "Seasonal Cycle Score global": [-0.7537792086977464, -0.6593838529978123, -999.0, 1.4131630616955562, -999.0], "Seasonal Cycle Score train": [-0.7586846874829105, -0.6542427561580233, -999.0, 1.4129274436409365, -999.0], "Bias Score global": [-0.939071405021201, -0.446220090375054, -999.0, 1.3852914953962527, -999.0], "Bias Score train": [-0.9824448741363434, -0.38974382333140695, -999.0, 1.3721886974677504, -999.0], "RMSE Score global": [-0.6834675243465708, -0.7304854819054054, -999.0, 1.4139530062519747, -999.0], "RMSE Score train": [-0.6831027795501148, -0.730842168778976, -999.0, 1.4139449483290891, -999.0], "Overall Score global": [-0.7508920595115839, -0.6623982920101711, -999.0, 1.4132903515217459, -999.0], "Overall Score train": [-0.7594222689317118, -0.6534676318122575, -999.0, 1.4128899007439646, -999.0]}}, "Spatial Distribution Score global": [0.12933866734792243, 0.21899326867718671, -999.0, -0.3483319360251258, -999.0], "Spatial Distribution Score train": [0.1455526451264677, 0.21889008318048409, -999.0, -0.3644427283069407, -999.0], "Seasonal Cycle Score global": [-0.7537792086977464, -0.6593838529978123, -999.0, 1.4131630616955562, -999.0], "Seasonal Cycle Score train": [-0.7586846874829105, -0.6542427561580233, -999.0, 1.4129274436409365, -999.0], "Bias Score global": [-0.939071405021201, -0.446220090375054, -999.0, 1.3852914953962527, -999.0], "Bias Score train": [-0.9824448741363434, -0.38974382333140695, -999.0, 1.3721886974677504, -999.0], "RMSE Score global": [-0.6834675243465708, -0.7304854819054054, -999.0, 1.4139530062519747, -999.0], "RMSE Score train": [-0.6831027795501148, -0.730842168778976, -999.0, 1.4139449483290891, -999.0], "Overall Score global": [-0.7508920595115839, -0.6623982920101711, -999.0, 1.4132903515217459, -999.0], "Overall Score train": [-0.7594222689317118, -0.6534676318122575, -999.0, 1.4128899007439646, -999.0]}, "Heterotrophic Respiration": {"children": {"ENSMEAN": {"children": {}, "Spatial Distribution Score global": [-999.0, -0.034900653692376826, -0.043514653197263, -999.0, 0.07841530688963982], "Spatial Distribution Score train": [-999.0, -0.026500901828890866, -0.030754408592831295, -999.0, 0.05725531042171106], "Seasonal Cycle Score global": [-999.0, -0.7117426858815996, -0.7024607230104001, -999.0, 1.4142034088919997], "Seasonal Cycle Score train": [-999.0, -0.707309695979302, -0.70690384698213, -999.0, 1.4142135429614346], "Bias Score global": [-999.0, -0.6759773300059047, -0.737785933594991, -999.0, 1.4137632636008957], "Bias Score train": [-999.0, -0.6766467647517947, -0.7371355274915107, -999.0, 1.4137822922433076], "RMSE Score global": [-999.0, -0.6862071310976522, -0.727802513396965, -999.0, 1.414009644494616], "RMSE Score train": [-999.0, -0.6874652984172283, -0.7265680550815798, -999.0, 1.414033353498807], "Overall Score global": [-999.0, -0.68628302343207, -0.7277280923029179, -999.0, 1.4140111157349833], "Overall Score train": [-999.0, -0.6867114364125116, -0.7273078855111774, -999.0, 1.4140193219236874]}}, "Spatial Distribution Score global": [-999.0, -0.034900653692376826, -0.043514653197263, -999.0, 0.07841530688963982], "Spatial Distribution Score train": [-999.0, -0.026500901828890866, -0.030754408592831295, -999.0, 0.05725531042171106], "Seasonal Cycle Score global": [-999.0, -0.7117426858815996, -0.7024607230104001, -999.0, 1.4142034088919997], "Seasonal Cycle Score train": [-999.0, -0.707309695979302, -0.70690384698213, -999.0, 1.4142135429614346], "Bias Score global": [-999.0, -0.6759773300059047, -0.737785933594991, -999.0, 1.4137632636008957], "Bias Score train": [-999.0, -0.6766467647517947, -0.7371355274915107, -999.0, 1.4137822922433076], "RMSE Score global": [-999.0, -0.6862071310976522, -0.727802513396965, -999.0, 1.414009644494616], "RMSE Score train": [-999.0, -0.6874652984172283, -0.7265680550815798, -999.0, 1.414033353498807], "Overall Score global": [-999.0, -0.68628302343207, -0.7277280923029179, -999.0, 1.4140111157349833], "Overall Score train": [-999.0, -0.6867114364125116, -0.7273078855111774, -999.0, 1.4140193219236874]}}, "Spatial Distribution Score global": [-999.0, 0.0, -999.0, -999.0, -999.0], "Spatial Distribution Score train": [-999.0, 0.0, -999.0, -999.0, -999.0], "Seasonal Cycle Score global": [-999.0, 0.0, -999.0, -999.0, -999.0], "Seasonal Cycle Score train": [-999.0, 0.0, -999.0, -999.0, -999.0], "Bias Score global": [-999.0, 0.0, -999.0, -999.0, -999.0], "Bias Score train": [-999.0, 0.0, -999.0, -999.0, -999.0], "RMSE Score global": [-999.0, 0.0, -999.0, -999.0, -999.0], "RMSE Score train": [-999.0, 0.0, -999.0, -999.0, -999.0], "Overall Score global": [-999.0, 0.0, -999.0, -999.0, -999.0], "Overall Score train": [-999.0, 0.0, -999.0, -999.0, -999.0]}}