Variables,Emu_S0,Emu_S1,Emu_S2,TR_S0,TR_S2
Gross Primary Production,0.8155858674943468,0.8199234949586481,--,0.9216658472364927,--
Heterotrophic Respiration,--,0.8000096504355833,0.7971345626524848,--,0.945709251979251
