{
  "split": "train",
  "year_windows": 1700,
  "shard_id": 14,
  "n_shards": 100,
  "means_per_balance": {
    "water_balance": 16.127187199312097,
    "npp_balance": 8.23384062212211e-13,
    "nbp_balance": 4.4186704047344915e-08,
    "carbon_partition_december": 0.00682800588910194,
    "nbp_delta_ctotal": 0.008247289857827127,
    "all_on": 16.142262481240664
  },
  "mean_all_on": 16.142262481240664
}