{
  "split": "train",
  "year_windows": 1615,
  "shard_id": 69,
  "n_shards": 100,
  "means_per_balance": {
    "water_balance": 15.771473073221213,
    "npp_balance": 8.24993001249786e-13,
    "nbp_balance": 5.109183120141559e-08,
    "carbon_partition_december": 0.008122325079348342,
    "nbp_delta_ctotal": 0.009041733594882322,
    "all_on": 15.788637134681915
  },
  "mean_all_on": 15.788637134681915
}