{
  "split": "train",
  "year_windows": 1700,
  "shard_id": 98,
  "n_shards": 100,
  "means_per_balance": {
    "water_balance": 16.37033885787515,
    "npp_balance": 8.515740919562012e-13,
    "nbp_balance": 3.968047199735569e-08,
    "carbon_partition_december": 0.00924708575119867,
    "nbp_delta_ctotal": 0.009698588362182764,
    "all_on": 16.38928454623503
  },
  "mean_all_on": 16.38928454623503
}