{
  "model_info": "DistributedDataParallel(\n  (module): YearProcessor(\n    (inner): CustomTransformer(\n      (pre_conv): Sequential(\n        (0): Conv1d(70, 1024, kernel_size=(1,), stride=(1,))\n        (1): PReLU(num_parameters=1)\n        (2): Conv1d(1024, 384, kernel_size=(1,), stride=(1,))\n        (3): BatchNorm1d(384, eps=1e-05, momentum=0.1, affine=True, track_running_stats=True)\n      )\n      (pos_enc): PositionalEncoding(\n        (dropout): Dropout(p=0.1, inplace=False)\n      )\n      (transformer): TransformerEncoder(\n        (layers): ModuleList(\n          (0-3): 4 x TransformerEncoderLayer(\n            (self_attn): MultiheadAttention(\n              (out_proj): NonDynamicallyQuantizableLinear(in_features=128, out_features=128, bias=True)\n            )\n            (linear1): Linear(in_features=128, out_features=512, bias=True)\n            (dropout): Dropout(p=0.1, inplace=False)\n            (linear2): Linear(in_features=512, out_features=128, bias=True)\n            (norm1): LayerNorm((128,), eps=1e-05, elementwise_affine=True)\n            (norm2): LayerNorm((128,), eps=1e-05, elementwise_affine=True)\n            (dropout1): Dropout(p=0.1, inplace=False)\n            (dropout2): Dropout(p=0.1, inplace=False)\n          )\n        )\n      )\n      (post_conv): Sequential(\n        (0): Conv1d(128, 256, kernel_size=(1,), stride=(1,))\n        (1): PReLU(num_parameters=1)\n        (2): Conv1d(256, 15, kernel_size=(1,), stride=(1,))\n      )\n    )\n  )\n)",
  "train_loss": [
    4.63970422744751,
    3.5247312784194946,
    3.304235339164734,
    2.4681429862976074,
    2.973313331604004,
    1.8955796360969543,
    2.1838682889938354,
    2.1078269481658936,
    1.7789019346237183,
    1.8315144777297974,
    1.711240291595459
  ],
  "val_loss": [
    1.2618715387027786,
    2.541532514054252,
    1.5735963428393007,
    2.5845543736325842,
    1.8042674861164116,
    1.6874304380495937,
    1.7714424249583056,
    1.7362191833555698,
    1.9834123651516073,
    1.981724461183256,
    1.8438767273511205
  ],
  "val_loss_batches": [],
  "val_loss_steps": [],
  "batch_loss": [
    4.63970422744751,
    3.5247312784194946,
    3.304235339164734,
    2.4681429862976074,
    2.973313331604004,
    1.8955796360969543,
    2.1838682889938354,
    2.1078269481658936,
    1.7789019346237183,
    1.8315144777297974,
    1.711240291595459
  ],
  "batch_step": [
    0,
    1,
    2,
    3,
    4,
    5,
    6,
    7,
    8,
    9,
    10
  ],
  "epoch_edges": [
    0,
    1,
    2,
    3,
    4,
    5,
    6,
    7,
    8,
    9,
    10,
    11
  ],
  "samples_seen": 258720,
  "lr_values": [
    8.999999421943739e-05,
    8.999997687775117e-05,
    8.99999479749463e-05,
    8.999990751103103e-05,
    8.999985548601692e-05,
    8.999979189991883e-05,
    8.999971675275488e-05,
    8.999963004454654e-05,
    8.999953177531857e-05,
    8.999942194509901e-05,
    8.999930055391921e-05,
    8.999916760181383e-05,
    8.999902308882082e-05,
    8.999886701498143e-05,
    8.999869938034021e-05,
    8.999852018494503e-05,
    8.999832942884702e-05,
    8.999812711210066e-05,
    8.999791323476368e-05,
    8.999768779689713e-05,
    8.999745079856537e-05,
    8.999720223983607e-05
  ],
  "lr_steps": [
    0,
    1,
    2,
    3,
    4,
    5,
    6,
    7,
    8,
    9,
    10,
    11,
    12,
    13,
    14,
    15,
    16,
    17,
    18,
    19,
    20,
    21
  ],
  "mb_train": {
    "carbon_partition_december": [
      2.4014581739902496,
      1.5926967859268188,
      1.4849243462085724,
      0.8227145373821259,
      1.2768104672431946,
      0.31539179384708405,
      0.5996373295783997,
      0.5462443828582764,
      0.27820082008838654,
      0.3668229728937149,
      0.2996100187301636
    ],
    "nbp_vs_delta_ctotal_monthly": [
      1.0400630235671997,
      0.8208858072757721,
      0.7249786853790283,
      0.5551597476005554,
      0.5860737860202789,
      0.4357708841562271,
      0.461569607257843,
      0.4406304359436035,
      0.3809640109539032,
      0.3751206696033478,
      0.3432709127664566
    ],
    "nbp_balance": [
      6.788885004223202e-14,
      6.235169190449462e-14,
      6.033047223960326e-14,
      5.890943894531261e-14,
      6.087584287302241e-14,
      6.492952868276231e-14,
      6.896481058414074e-14,
      7.126031222284726e-14,
      7.233946396138476e-14,
      7.212536156088966e-14,
      7.150283469630511e-14
    ],
    "npp_balance": [
      1.4035378975245004e-18,
      1.3871617247239964e-18,
      1.3127119799260147e-18,
      1.1930054389811523e-18,
      1.1778948525178545e-18,
      1.1957537465663597e-18,
      1.2720722086903723e-18,
      1.2660986721980324e-18,
      1.2177811785377347e-18,
      1.2064922957514026e-18,
      1.1939321397611531e-18
    ]
  },
  "mb_val": {
    "carbon_partition_december": [
      0.3629158936905752,
      1.4051437538575111,
      0.38172465215070983,
      1.1360315817342275,
      0.399083967597048,
      0.29024029048010164,
      0.3413762040138285,
      0.2395999073053965,
      0.38738598616570546,
      0.35386589055294454,
      0.22953194694425155
    ],
    "nbp_vs_delta_ctotal_monthly": [
      0.3027268097289287,
      0.3846174271929325,
      0.3009298792921425,
      0.4332316804330378,
      0.301800965213654,
      0.2341261503538497,
      0.2160274354503395,
      0.22332661242737453,
      0.2643649009222697,
      0.2530850990846449,
      0.21928806263259706
    ],
    "nbp_balance": [
      1.0548740052908621e-13,
      9.943045374221895e-14,
      9.740385467553671e-14,
      9.605386193323008e-14,
      9.392525165965928e-14,
      9.252114340881025e-14,
      9.262291219080985e-14,
      9.572466632391811e-14,
      1.0019612024801355e-13,
      1.0393694813510879e-13,
      1.053734953799018e-13
    ],
    "npp_balance": [
      1.5374283025895173e-18,
      1.563520240863428e-18,
      1.4633837550319807e-18,
      1.413800257990441e-18,
      1.3625414308370431e-18,
      1.3680277952637064e-18,
      1.347090530765277e-18,
      1.3013047187181884e-18,
      1.2948037076411017e-18,
      1.3327823399244202e-18,
      1.4006254369144355e-18
    ]
  }
}