{
  "model_info": "DistributedDataParallel(\n  (module): YearProcessor(\n    (inner): CustomTransformer(\n      (pre_conv): Sequential(\n        (0): Conv1d(70, 1024, kernel_size=(1,), stride=(1,))\n        (1): PReLU(num_parameters=1)\n        (2): Conv1d(1024, 384, kernel_size=(1,), stride=(1,))\n        (3): BatchNorm1d(384, eps=1e-05, momentum=0.1, affine=True, track_running_stats=True)\n      )\n      (pos_enc): PositionalEncoding(\n        (dropout): Dropout(p=0.1, inplace=False)\n      )\n      (transformer): TransformerEncoder(\n        (layers): ModuleList(\n          (0-3): 4 x TransformerEncoderLayer(\n            (self_attn): MultiheadAttention(\n              (out_proj): NonDynamicallyQuantizableLinear(in_features=128, out_features=128, bias=True)\n            )\n            (linear1): Linear(in_features=128, out_features=512, bias=True)\n            (dropout): Dropout(p=0.1, inplace=False)\n            (linear2): Linear(in_features=512, out_features=128, bias=True)\n            (norm1): LayerNorm((128,), eps=1e-05, elementwise_affine=True)\n            (norm2): LayerNorm((128,), eps=1e-05, elementwise_affine=True)\n            (dropout1): Dropout(p=0.1, inplace=False)\n            (dropout2): Dropout(p=0.1, inplace=False)\n          )\n        )\n      )\n      (post_conv): Sequential(\n        (0): Conv1d(128, 256, kernel_size=(1,), stride=(1,))\n        (1): PReLU(num_parameters=1)\n        (2): Conv1d(256, 15, kernel_size=(1,), stride=(1,))\n      )\n    )\n  )\n)",
  "train_loss": [
    4.671970248222351,
    3.5738251209259033,
    3.3224629163742065,
    2.5376150608062744,
    3.0036686658859253,
    1.949672520160675,
    2.2516019344329834,
    2.1518248319625854,
    1.8369166851043701,
    1.8932324647903442,
    1.7652637958526611
  ],
  "val_loss": [
    1.345702669894969,
    2.580727204429556,
    1.6510115756026031,
    2.6325580658277077,
    1.8402535891350436,
    1.738235998807513,
    1.8067476690347706,
    1.7792552353776232,
    2.0304195085426375,
    2.0182922443413003,
    1.886815833862947
  ],
  "val_loss_batches": [],
  "val_loss_steps": [],
  "batch_loss": [
    4.671970248222351,
    3.5738251209259033,
    3.3224629163742065,
    2.5376150608062744,
    3.0036686658859253,
    1.949672520160675,
    2.2516019344329834,
    2.1518248319625854,
    1.8369166851043701,
    1.8932324647903442,
    1.7652637958526611
  ],
  "batch_step": [
    0,
    1,
    2,
    3,
    4,
    5,
    6,
    7,
    8,
    9,
    10
  ],
  "epoch_edges": [
    0,
    1,
    2,
    3,
    4,
    5,
    6,
    7,
    8,
    9,
    10,
    11
  ],
  "samples_seen": 258720,
  "lr_values": [
    8.999999421943739e-05,
    8.999997687775117e-05,
    8.99999479749463e-05,
    8.999990751103103e-05,
    8.999985548601692e-05,
    8.999979189991883e-05,
    8.999971675275488e-05,
    8.999963004454654e-05,
    8.999953177531857e-05,
    8.999942194509901e-05,
    8.999930055391921e-05,
    8.999916760181383e-05,
    8.999902308882082e-05,
    8.999886701498143e-05,
    8.999869938034021e-05,
    8.999852018494503e-05,
    8.999832942884702e-05,
    8.999812711210066e-05,
    8.999791323476368e-05,
    8.999768779689713e-05,
    8.999745079856537e-05,
    8.999720223983607e-05
  ],
  "lr_steps": [
    0,
    1,
    2,
    3,
    4,
    5,
    6,
    7,
    8,
    9,
    10,
    11,
    12,
    13,
    14,
    15,
    16,
    17,
    18,
    19,
    20,
    21
  ],
  "mb_train": {
    "npp_balance": [
      0.0001389346321646446,
      0.00012927793182324448,
      0.00012183680890317355,
      0.0001240826107286035,
      0.0001228431645912238,
      0.0001155961447717672,
      0.00011857244401330957,
      0.00011795018447281949,
      0.00011497515185159009,
      0.00011533962830899626,
      0.00011430238259494598
    ],
    "nbp_vs_delta_ctotal_monthly": [
      1.0351003408432007,
      0.8175224959850311,
      0.7174740433692932,
      0.5549063980579376,
      0.5803972482681274,
      0.4330766648054123,
      0.4609836935997009,
      0.4366886019706726,
      0.3781919330358505,
      0.3729887753725052,
      0.3408716022968292
    ],
    "nbp_balance": [
      0.06428883296145915,
      0.05233920554378597,
      0.04713355916094496,
      0.04374374812910983,
      0.04360250538515517,
      0.0456492334472531,
      0.04816188045231774,
      0.04994948631277399,
      0.05118610782895318,
      0.051738934469890537,
      0.052092018036371125
    ],
    "carbon_partition_december": [
      2.3724640905857086,
      1.5846903622150421,
      1.4497652351856232,
      0.8303980231285095,
      1.249624490737915,
      0.30888617038726807,
      0.6049793362617493,
      0.5311706811189651,
      0.27639560401439667,
      0.36788006126880646,
      0.29254184663295746
    ]
  },
  "mb_val": {
    "npp_balance": [
      0.00015893519380538298,
      0.00015377682405039124,
      0.0001501459314077986,
      0.00014396888627704163,
      0.00012906013563450118,
      0.00012507707435012477,
      0.00012382096171530967,
      0.00012260764492570916,
      0.00012560334920645982,
      0.0001308685787989483,
      0.0001366730778041494
    ],
    "nbp_vs_delta_ctotal_monthly": [
      0.3017591051747832,
      0.38019613783559475,
      0.3016740007577844,
      0.42989179405469297,
      0.2970904327354071,
      0.23245940933298623,
      0.21453246935413275,
      0.2234477373077629,
      0.26407547639207724,
      0.25056233740582756,
      0.21692708983295123
    ],
    "nbp_balance": [
      0.09843633169104435,
      0.08921871190137003,
      0.08429207630533964,
      0.08035989674742733,
      0.07640876723573684,
      0.07366389110873482,
      0.07283957736757886,
      0.07490464050342381,
      0.07860826064391342,
      0.08213655170489173,
      0.08394258739082479
    ],
    "carbon_partition_december": [
      0.3603098208612952,
      1.3737485570930497,
      0.3911324566002294,
      1.127083396505103,
      0.38536941381952233,
      0.2928937675360812,
      0.3314263071876139,
      0.23759662736541645,
      0.3897968492488129,
      0.34614318514108144,
      0.22534541147447562
    ]
  }
}