{
  "split": "train",
  "year_windows": 5185,
  "shard_id": 22,
  "n_shards": 32,
  "means_per_balance": {
    "water_balance": 13331191052613.863,
    "npp_balance": 0.9431642437165131,
    "nbp_balance": 1.6815070519681836,
    "carbon_partition": 2.229202914835747,
    "nbp_delta_ctotal": 7779915459635.546,
    "all_on": 21111106512350.523
  },
  "mean_all_on": 21111106512350.523
}