{
  "split": "train",
  "year_windows": 1700,
  "shard_id": 92,
  "n_shards": 100,
  "means_per_balance": {
    "water_balance": 15.92798209919649,
    "npp_balance": 8.494152798667331e-13,
    "nbp_balance": 4.210571316812076e-08,
    "carbon_partition_december": 0.009037545525249751,
    "nbp_delta_ctotal": 0.009554919739911223,
    "all_on": 15.946574595395257
  },
  "mean_all_on": 15.946574595395257
}