{
  "split": "train",
  "year_windows": 1700,
  "shard_id": 62,
  "n_shards": 100,
  "means_per_balance": {
    "water_balance": 731.7282705149931,
    "npp_balance": 1.9614958679391342e-24,
    "nbp_balance": 2.441843556006033e-14,
    "carbon_partition_december": 0.00015267783139493344,
    "nbp_delta_ctotal": 0.00022123881548930725,
    "all_on": 731.7286472096163
  },
  "mean_all_on": 731.7286472096163
}