{
  "split": "train",
  "year_windows": 1700,
  "shard_id": 67,
  "n_shards": 100,
  "means_per_balance": {
    "water_balance": 15.864502663331873,
    "npp_balance": 8.333970613417532e-13,
    "nbp_balance": 5.0271250451316976e-08,
    "carbon_partition_december": 0.008263556662234751,
    "nbp_delta_ctotal": 0.009277245597366025,
    "all_on": 15.882043445250567
  },
  "mean_all_on": 15.882043445250567
}