{
  "split": "train",
  "year_windows": 1615,
  "shard_id": 27,
  "n_shards": 100,
  "means_per_balance": {
    "water_balance": 15.681202096614307,
    "npp_balance": 8.014114970549408e-13,
    "nbp_balance": 4.084465477939992e-08,
    "carbon_partition_december": 0.007800812732382179,
    "nbp_delta_ctotal": 0.008718102530002502,
    "all_on": 15.69772099238062
  },
  "mean_all_on": 15.69772099238062
}