{
  "split": "train",
  "year_windows": 1700,
  "shard_id": 43,
  "n_shards": 100,
  "means_per_balance": {
    "water_balance": 15.444248279122744,
    "npp_balance": 8.126598584095941e-13,
    "nbp_balance": 4.912666721423875e-08,
    "carbon_partition_december": 0.007618125338545617,
    "nbp_delta_ctotal": 0.009000615998828674,
    "all_on": 15.460866999906653
  },
  "mean_all_on": 15.460866999906653
}