{
  "split": "train",
  "year_windows": 5270,
  "shard_id": 18,
  "n_shards": 32,
  "means_per_balance": {
    "water_balance": 13304734078844.648,
    "npp_balance": 0.949562214187698,
    "nbp_balance": 1.7310528720918146,
    "carbon_partition": 2.1834477550843183,
    "nbp_delta_ctotal": 7894632653045.6045,
    "all_on": 21199366751588.36
  },
  "mean_all_on": 21199366751588.36
}