{
  "split": "train",
  "year_windows": 5185,
  "shard_id": 28,
  "n_shards": 32,
  "means_per_balance": {
    "water_balance": 13322709404879.959,
    "npp_balance": 0.9437199789509824,
    "nbp_balance": 6.296314397037547,
    "carbon_partition": 1.9339751432578842,
    "nbp_delta_ctotal": 7950403450889.875,
    "all_on": 21273112846568.25
  },
  "mean_all_on": 21273112846568.25
}