{
  "split": "train",
  "year_windows": 5185,
  "shard_id": 0,
  "n_shards": 32,
  "means_per_balance": {
    "water_balance": 13398056199036.668,
    "npp_balance": 0.748623652421405,
    "nbp_balance": 1.0369273649117297,
    "carbon_partition": 1.8830515888410917,
    "nbp_delta_ctotal": 5678889882221.707,
    "all_on": 19076946085353.586
  },
  "mean_all_on": 19076946085353.586
}