{
  "split": "train",
  "year_windows": 1615,
  "shard_id": 22,
  "n_shards": 100,
  "means_per_balance": {
    "water_balance": 748.6521370997001,
    "npp_balance": 1.956409018842695e-24,
    "nbp_balance": 1.486681287595563e-14,
    "carbon_partition_december": 0.00011967556702384679,
    "nbp_delta_ctotal": 0.00017271729244024495,
    "all_on": 748.6524329406927
  },
  "mean_all_on": 748.6524329406927
}