{
  "split": "train",
  "year_windows": 1615,
  "shard_id": 86,
  "n_shards": 100,
  "means_per_balance": {
    "water_balance": 800.0070528485088,
    "npp_balance": 2.044228266726125e-24,
    "nbp_balance": 1.833702451578148e-14,
    "carbon_partition_december": 0.0001927719560694007,
    "nbp_delta_ctotal": 0.00025774830699633035,
    "all_on": 800.007504451976
  },
  "mean_all_on": 800.007504451976
}