{
  "split": "train",
  "year_windows": 1700,
  "shard_id": 95,
  "n_shards": 100,
  "means_per_balance": {
    "water_balance": 741.0347960169175,
    "npp_balance": 1.969990010972528e-24,
    "nbp_balance": 1.931208014564043e-14,
    "carbon_partition_december": 0.00018939104472605428,
    "nbp_delta_ctotal": 0.00025228485477889667,
    "all_on": 741.0352383961397
  },
  "mean_all_on": 741.0352383961397
}